<?xml version="1.0" encoding="UTF-8"?>
<!DOCTYPE mapper PUBLIC "-//mybatis.org//DTD Mapper 3.0//EN" "http://mybatis.org/dtd/mybatis-3-mapper.dtd">
<mapper namespace="com.juwen.ibc.dao.IAdminsDAO">
  <resultMap id="BaseResultMap" type="com.juwen.ibc.pojo.Admins">
    <id column="id" jdbcType="INTEGER" property="id" />
    <result column="mobile_no" jdbcType="VARCHAR" property="mobileNo" />
    <result column="user_name" jdbcType="VARCHAR" property="userName" />
    <result column="password" jdbcType="VARCHAR" property="password" />
    <result column="branch_id" jdbcType="INTEGER" property="branchId" />
    <result column="status" jdbcType="INTEGER" property="status" />
    <result column="sex" jdbcType="CHAR" property="sex" />
    <result column="operator_ip" jdbcType="VARCHAR" property="operatorIp" />
    <result column="list_order" jdbcType="INTEGER" property="listOrder" />
    <result column="op_id" jdbcType="INTEGER" property="opId" />
    <result column="create_at" jdbcType="TIMESTAMP" property="createAt" />
    <result column="updated_at" jdbcType="TIMESTAMP" property="updatedAt" />
    <result column="updated_man" jdbcType="VARCHAR" property="updatedMan" />
    <result column="new_id" jdbcType="VARCHAR" property="newId" />
    <result column="created_man" jdbcType="VARCHAR" property="createdMan" />
    <result column="SCORE" jdbcType="DOUBLE" property="score" />
    <result column="QQ" jdbcType="VARCHAR" property="qq" />
    <result column="pic_face" jdbcType="VARCHAR" property="picFace" />
  </resultMap>
  <sql id="Base_Column_List">
    id, mobile_no, user_name, password, branch_id, status, sex, operator_ip, list_order, 
    op_id, create_at, updated_at, updated_man, new_id, created_man, SCORE, QQ, pic_face
  </sql>
  <select id="selectByPrimaryKey" parameterType="java.lang.Integer" resultMap="BaseResultMap">
    select 
    <include refid="Base_Column_List" />
    from admins
    where id = #{id,jdbcType=INTEGER}
  </select>
  <delete id="deleteByPrimaryKey" parameterType="java.lang.Integer">
    delete from admins
    where id = #{id,jdbcType=INTEGER}
  </delete>
  <insert id="insert" parameterType="com.juwen.ibc.pojo.Admins">
    insert into admins (id, mobile_no, user_name, 
      password, branch_id, status, 
      sex, operator_ip, list_order, 
      op_id, create_at, updated_at, 
      updated_man, new_id, created_man, 
      SCORE, QQ, pic_face)
    values (#{id,jdbcType=INTEGER}, #{mobileNo,jdbcType=VARCHAR}, #{userName,jdbcType=VARCHAR}, 
      #{password,jdbcType=VARCHAR}, #{branchId,jdbcType=INTEGER}, #{status,jdbcType=INTEGER}, 
      #{sex,jdbcType=CHAR}, #{operatorIp,jdbcType=VARCHAR}, #{listOrder,jdbcType=INTEGER}, 
      #{opId,jdbcType=INTEGER}, #{createAt,jdbcType=TIMESTAMP}, #{updatedAt,jdbcType=TIMESTAMP}, 
      #{updatedMan,jdbcType=VARCHAR}, #{newId,jdbcType=VARCHAR}, #{createdMan,jdbcType=VARCHAR}, 
      #{score,jdbcType=DOUBLE}, #{qq,jdbcType=VARCHAR}, #{picFace,jdbcType=VARCHAR})
  </insert>
  <insert id="insertSelective" parameterType="com.juwen.ibc.pojo.Admins">
    insert into admins
    <trim prefix="(" suffix=")" suffixOverrides=",">
      <if test="id != null">
        id,
      </if>
      <if test="mobileNo != null">
        mobile_no,
      </if>
      <if test="userName != null">
        user_name,
      </if>
      <if test="password != null">
        password,
      </if>
      <if test="branchId != null">
        branch_id,
      </if>
      <if test="status != null">
        status,
      </if>
      <if test="sex != null">
        sex,
      </if>
      <if test="operatorIp != null">
        operator_ip,
      </if>
      <if test="listOrder != null">
        list_order,
      </if>
      <if test="opId != null">
        op_id,
      </if>
      <if test="createAt != null">
        create_at,
      </if>
      <if test="updatedAt != null">
        updated_at,
      </if>
      <if test="updatedMan != null">
        updated_man,
      </if>
      <if test="newId != null">
        new_id,
      </if>
      <if test="createdMan != null">
        created_man,
      </if>
      <if test="score != null">
        SCORE,
      </if>
      <if test="qq != null">
        QQ,
      </if>
      <if test="picFace != null">
        pic_face,
      </if>
    </trim>
    <trim prefix="values (" suffix=")" suffixOverrides=",">
      <if test="id != null">
        #{id,jdbcType=INTEGER},
      </if>
      <if test="mobileNo != null">
        #{mobileNo,jdbcType=VARCHAR},
      </if>
      <if test="userName != null">
        #{userName,jdbcType=VARCHAR},
      </if>
      <if test="password != null">
        #{password,jdbcType=VARCHAR},
      </if>
      <if test="branchId != null">
        #{branchId,jdbcType=INTEGER},
      </if>
      <if test="status != null">
        #{status,jdbcType=INTEGER},
      </if>
      <if test="sex != null">
        #{sex,jdbcType=CHAR},
      </if>
      <if test="operatorIp != null">
        #{operatorIp,jdbcType=VARCHAR},
      </if>
      <if test="listOrder != null">
        #{listOrder,jdbcType=INTEGER},
      </if>
      <if test="opId != null">
        #{opId,jdbcType=INTEGER},
      </if>
      <if test="createAt != null">
        #{createAt,jdbcType=TIMESTAMP},
      </if>
      <if test="updatedAt != null">
        #{updatedAt,jdbcType=TIMESTAMP},
      </if>
      <if test="updatedMan != null">
        #{updatedMan,jdbcType=VARCHAR},
      </if>
      <if test="newId != null">
        #{newId,jdbcType=VARCHAR},
      </if>
      <if test="createdMan != null">
        #{createdMan,jdbcType=VARCHAR},
      </if>
      <if test="score != null">
        #{score,jdbcType=DOUBLE},
      </if>
      <if test="qq != null">
        #{qq,jdbcType=VARCHAR},
      </if>
      <if test="picFace != null">
        #{picFace,jdbcType=VARCHAR},
      </if>
    </trim>
  </insert>
  <update id="updateByPrimaryKeySelective" parameterType="com.juwen.ibc.pojo.Admins">
    update admins
    <set>
      <if test="mobileNo != null">
        mobile_no = #{mobileNo,jdbcType=VARCHAR},
      </if>
      <if test="userName != null">
        user_name = #{userName,jdbcType=VARCHAR},
      </if>
      <if test="password != null">
        password = #{password,jdbcType=VARCHAR},
      </if>
      <if test="branchId != null">
        branch_id = #{branchId,jdbcType=INTEGER},
      </if>
      <if test="status != null">
        status = #{status,jdbcType=INTEGER},
      </if>
      <if test="sex != null">
        sex = #{sex,jdbcType=CHAR},
      </if>
      <if test="operatorIp != null">
        operator_ip = #{operatorIp,jdbcType=VARCHAR},
      </if>
      <if test="listOrder != null">
        list_order = #{listOrder,jdbcType=INTEGER},
      </if>
      <if test="opId != null">
        op_id = #{opId,jdbcType=INTEGER},
      </if>
      <if test="createAt != null">
        create_at = #{createAt,jdbcType=TIMESTAMP},
      </if>
      <if test="updatedAt != null">
        updated_at = #{updatedAt,jdbcType=TIMESTAMP},
      </if>
      <if test="updatedMan != null">
        updated_man = #{updatedMan,jdbcType=VARCHAR},
      </if>
      <if test="newId != null">
        new_id = #{newId,jdbcType=VARCHAR},
      </if>
      <if test="createdMan != null">
        created_man = #{createdMan,jdbcType=VARCHAR},
      </if>
      <if test="score != null">
        SCORE = #{score,jdbcType=DOUBLE},
      </if>
      <if test="qq != null">
        QQ = #{qq,jdbcType=VARCHAR},
      </if>
      <if test="picFace != null">
        pic_face = #{picFace,jdbcType=VARCHAR},
      </if>
    </set>
    where id = #{id,jdbcType=INTEGER}
  </update>
  <update id="updateByPrimaryKey" parameterType="com.juwen.ibc.pojo.Admins">
    update admins
    set mobile_no = #{mobileNo,jdbcType=VARCHAR},
      user_name = #{userName,jdbcType=VARCHAR},
      password = #{password,jdbcType=VARCHAR},
      branch_id = #{branchId,jdbcType=INTEGER},
      status = #{status,jdbcType=INTEGER},
      sex = #{sex,jdbcType=CHAR},
      operator_ip = #{operatorIp,jdbcType=VARCHAR},
      list_order = #{listOrder,jdbcType=INTEGER},
      op_id = #{opId,jdbcType=INTEGER},
      create_at = #{createAt,jdbcType=TIMESTAMP},
      updated_at = #{updatedAt,jdbcType=TIMESTAMP},
      updated_man = #{updatedMan,jdbcType=VARCHAR},
      new_id = #{newId,jdbcType=VARCHAR},
      created_man = #{createdMan,jdbcType=VARCHAR},
      SCORE = #{score,jdbcType=DOUBLE},
      QQ = #{qq,jdbcType=VARCHAR},
      pic_face = #{picFace,jdbcType=VARCHAR}
    where id = #{id,jdbcType=INTEGER}
  </update>
</mapper>