<?xml version="1.0" encoding="UTF-8"?>
<!DOCTYPE mapper PUBLIC "-//mybatis.org//DTD Mapper 3.0//EN" "http://mybatis.org/dtd/mybatis-3-mapper.dtd">
<mapper namespace="com.juwen.ibc.dao.IAdminRolesDAO">
  <resultMap id="BaseResultMap" type="com.juwen.ibc.pojo.AdminRoles">
    <id column="id" jdbcType="INTEGER" property="id" />
    <result column="admin_id" jdbcType="INTEGER" property="adminId" />
    <result column="role_id" jdbcType="INTEGER" property="roleId" />
    <result column="created_at" jdbcType="TIMESTAMP" property="createdAt" />
    <result column="created_man" jdbcType="VARCHAR" property="createdMan" />
    <result column="updated_at" jdbcType="TIMESTAMP" property="updatedAt" />
    <result column="updated_man" jdbcType="VARCHAR" property="updatedMan" />
  </resultMap>
  <sql id="Base_Column_List">
    id, admin_id, role_id, created_at, created_man, updated_at, updated_man
  </sql>
  <select id="selectByPrimaryKey" parameterType="java.lang.Integer" resultMap="BaseResultMap">
    select 
    <include refid="Base_Column_List" />
    from admin_roles
    where id = #{id,jdbcType=INTEGER}
  </select>
  <delete id="deleteByPrimaryKey" parameterType="java.lang.Integer">
    delete from admin_roles
    where id = #{id,jdbcType=INTEGER}
  </delete>
  <insert id="insert" parameterType="com.juwen.ibc.pojo.AdminRoles">
    insert into admin_roles (id, admin_id, role_id, 
      created_at, created_man, updated_at, 
      updated_man)
    values (#{id,jdbcType=INTEGER}, #{adminId,jdbcType=INTEGER}, #{roleId,jdbcType=INTEGER}, 
      #{createdAt,jdbcType=TIMESTAMP}, #{createdMan,jdbcType=VARCHAR}, #{updatedAt,jdbcType=TIMESTAMP}, 
      #{updatedMan,jdbcType=VARCHAR})
  </insert>
  <insert id="insertSelective" parameterType="com.juwen.ibc.pojo.AdminRoles">
    insert into admin_roles
    <trim prefix="(" suffix=")" suffixOverrides=",">
      <if test="id != null">
        id,
      </if>
      <if test="adminId != null">
        admin_id,
      </if>
      <if test="roleId != null">
        role_id,
      </if>
      <if test="createdAt != null">
        created_at,
      </if>
      <if test="createdMan != null">
        created_man,
      </if>
      <if test="updatedAt != null">
        updated_at,
      </if>
      <if test="updatedMan != null">
        updated_man,
      </if>
    </trim>
    <trim prefix="values (" suffix=")" suffixOverrides=",">
      <if test="id != null">
        #{id,jdbcType=INTEGER},
      </if>
      <if test="adminId != null">
        #{adminId,jdbcType=INTEGER},
      </if>
      <if test="roleId != null">
        #{roleId,jdbcType=INTEGER},
      </if>
      <if test="createdAt != null">
        #{createdAt,jdbcType=TIMESTAMP},
      </if>
      <if test="createdMan != null">
        #{createdMan,jdbcType=VARCHAR},
      </if>
      <if test="updatedAt != null">
        #{updatedAt,jdbcType=TIMESTAMP},
      </if>
      <if test="updatedMan != null">
        #{updatedMan,jdbcType=VARCHAR},
      </if>
    </trim>
  </insert>
  <update id="updateByPrimaryKeySelective" parameterType="com.juwen.ibc.pojo.AdminRoles">
    update admin_roles
    <set>
      <if test="adminId != null">
        admin_id = #{adminId,jdbcType=INTEGER},
      </if>
      <if test="roleId != null">
        role_id = #{roleId,jdbcType=INTEGER},
      </if>
      <if test="createdAt != null">
        created_at = #{createdAt,jdbcType=TIMESTAMP},
      </if>
      <if test="createdMan != null">
        created_man = #{createdMan,jdbcType=VARCHAR},
      </if>
      <if test="updatedAt != null">
        updated_at = #{updatedAt,jdbcType=TIMESTAMP},
      </if>
      <if test="updatedMan != null">
        updated_man = #{updatedMan,jdbcType=VARCHAR},
      </if>
    </set>
    where id = #{id,jdbcType=INTEGER}
  </update>
  <update id="updateByPrimaryKey" parameterType="com.juwen.ibc.pojo.AdminRoles">
    update admin_roles
    set admin_id = #{adminId,jdbcType=INTEGER},
      role_id = #{roleId,jdbcType=INTEGER},
      created_at = #{createdAt,jdbcType=TIMESTAMP},
      created_man = #{createdMan,jdbcType=VARCHAR},
      updated_at = #{updatedAt,jdbcType=TIMESTAMP},
      updated_man = #{updatedMan,jdbcType=VARCHAR}
    where id = #{id,jdbcType=INTEGER}
  </update>
</mapper>