<?xml version="1.0" encoding="UTF-8"?>
<!DOCTYPE mapper PUBLIC "-//mybatis.org//DTD Mapper 3.0//EN" "http://mybatis.org/dtd/mybatis-3-mapper.dtd">
<mapper namespace="com.juwen.ibc.dao.IAutoSubjectDAO">
  <resultMap id="BaseResultMap" type="com.juwen.ibc.pojo.AutoSubject">
    <id column="id" jdbcType="INTEGER" property="id" />
    <result column="curriculum_code" jdbcType="VARCHAR" property="curriculumCode" />
    <result column="category" jdbcType="INTEGER" property="category" />
    <result column="profession" jdbcType="VARCHAR" property="profession" />
    <result column="create_at" jdbcType="TIMESTAMP" property="createAt" />
    <result column="profession_new_id" jdbcType="VARCHAR" property="professionNewId" />
    <result column="location" jdbcType="INTEGER" property="location" />
  </resultMap>
  <resultMap extends="BaseResultMap" id="ResultMapWithBLOBs" type="com.juwen.ibc.pojo.AutoSubject">
    <result column="name" jdbcType="LONGVARCHAR" property="name" />
  </resultMap>
  <sql id="Base_Column_List">
    id, curriculum_code, category, profession, create_at, profession_new_id, location
  </sql>
  <sql id="Blob_Column_List">
    name
  </sql>
  <select id="selectByPrimaryKey" parameterType="java.lang.Integer" resultMap="ResultMapWithBLOBs">
    select 
    <include refid="Base_Column_List" />
    ,
    <include refid="Blob_Column_List" />
    from auto_subject
    where id = #{id,jdbcType=INTEGER}
  </select>
  <delete id="deleteByPrimaryKey" parameterType="java.lang.Integer">
    delete from auto_subject
    where id = #{id,jdbcType=INTEGER}
  </delete>
  <insert id="insert" parameterType="com.juwen.ibc.pojo.AutoSubject">
    insert into auto_subject (id, curriculum_code, category, 
      profession, create_at, profession_new_id, 
      location, name)
    values (#{id,jdbcType=INTEGER}, #{curriculumCode,jdbcType=VARCHAR}, #{category,jdbcType=INTEGER}, 
      #{profession,jdbcType=VARCHAR}, #{createAt,jdbcType=TIMESTAMP}, #{professionNewId,jdbcType=VARCHAR}, 
      #{location,jdbcType=INTEGER}, #{name,jdbcType=LONGVARCHAR})
  </insert>
  <insert id="insertSelective" parameterType="com.juwen.ibc.pojo.AutoSubject">
    insert into auto_subject
    <trim prefix="(" suffix=")" suffixOverrides=",">
      <if test="id != null">
        id,
      </if>
      <if test="curriculumCode != null">
        curriculum_code,
      </if>
      <if test="category != null">
        category,
      </if>
      <if test="profession != null">
        profession,
      </if>
      <if test="createAt != null">
        create_at,
      </if>
      <if test="professionNewId != null">
        profession_new_id,
      </if>
      <if test="location != null">
        location,
      </if>
      <if test="name != null">
        name,
      </if>
    </trim>
    <trim prefix="values (" suffix=")" suffixOverrides=",">
      <if test="id != null">
        #{id,jdbcType=INTEGER},
      </if>
      <if test="curriculumCode != null">
        #{curriculumCode,jdbcType=VARCHAR},
      </if>
      <if test="category != null">
        #{category,jdbcType=INTEGER},
      </if>
      <if test="profession != null">
        #{profession,jdbcType=VARCHAR},
      </if>
      <if test="createAt != null">
        #{createAt,jdbcType=TIMESTAMP},
      </if>
      <if test="professionNewId != null">
        #{professionNewId,jdbcType=VARCHAR},
      </if>
      <if test="location != null">
        #{location,jdbcType=INTEGER},
      </if>
      <if test="name != null">
        #{name,jdbcType=LONGVARCHAR},
      </if>
    </trim>
  </insert>
  <update id="updateByPrimaryKeySelective" parameterType="com.juwen.ibc.pojo.AutoSubject">
    update auto_subject
    <set>
      <if test="curriculumCode != null">
        curriculum_code = #{curriculumCode,jdbcType=VARCHAR},
      </if>
      <if test="category != null">
        category = #{category,jdbcType=INTEGER},
      </if>
      <if test="profession != null">
        profession = #{profession,jdbcType=VARCHAR},
      </if>
      <if test="createAt != null">
        create_at = #{createAt,jdbcType=TIMESTAMP},
      </if>
      <if test="professionNewId != null">
        profession_new_id = #{professionNewId,jdbcType=VARCHAR},
      </if>
      <if test="location != null">
        location = #{location,jdbcType=INTEGER},
      </if>
      <if test="name != null">
        name = #{name,jdbcType=LONGVARCHAR},
      </if>
    </set>
    where id = #{id,jdbcType=INTEGER}
  </update>
  <update id="updateByPrimaryKeyWithBLOBs" parameterType="com.juwen.ibc.pojo.AutoSubject">
    update auto_subject
    set curriculum_code = #{curriculumCode,jdbcType=VARCHAR},
      category = #{category,jdbcType=INTEGER},
      profession = #{profession,jdbcType=VARCHAR},
      create_at = #{createAt,jdbcType=TIMESTAMP},
      profession_new_id = #{professionNewId,jdbcType=VARCHAR},
      location = #{location,jdbcType=INTEGER},
      name = #{name,jdbcType=LONGVARCHAR}
    where id = #{id,jdbcType=INTEGER}
  </update>
  <update id="updateByPrimaryKey" parameterType="com.juwen.ibc.pojo.AutoSubject">
    update auto_subject
    set curriculum_code = #{curriculumCode,jdbcType=VARCHAR},
      category = #{category,jdbcType=INTEGER},
      profession = #{profession,jdbcType=VARCHAR},
      create_at = #{createAt,jdbcType=TIMESTAMP},
      profession_new_id = #{professionNewId,jdbcType=VARCHAR},
      location = #{location,jdbcType=INTEGER}
    where id = #{id,jdbcType=INTEGER}
  </update>
</mapper>