<?xml version="1.0" encoding="UTF-8"?>
<!DOCTYPE mapper PUBLIC "-//mybatis.org//DTD Mapper 3.0//EN" "http://mybatis.org/dtd/mybatis-3-mapper.dtd">
<mapper namespace="com.juwen.ibc.dao.IBranchDAO">
  <resultMap id="BaseResultMap" type="com.juwen.ibc.pojo.Branch">
    <id column="id" jdbcType="INTEGER" property="id" />
    <result column="name" jdbcType="VARCHAR" property="name" />
    <result column="admin_id" jdbcType="INTEGER" property="adminId" />
    <result column="contact_person" jdbcType="VARCHAR" property="contactPerson" />
    <result column="contact_phone" jdbcType="VARCHAR" property="contactPhone" />
    <result column="contact_address" jdbcType="VARCHAR" property="contactAddress" />
    <result column="remark" jdbcType="VARCHAR" property="remark" />
    <result column="status" jdbcType="INTEGER" property="status" />
    <result column="create_at" jdbcType="TIMESTAMP" property="createAt" />
  </resultMap>
  <sql id="Base_Column_List">
    id, name, admin_id, contact_person, contact_phone, contact_address, remark, status, 
    create_at
  </sql>
  <select id="selectByPrimaryKey" parameterType="java.lang.Integer" resultMap="BaseResultMap">
    select 
    <include refid="Base_Column_List" />
    from branch
    where id = #{id,jdbcType=INTEGER}
  </select>
  <delete id="deleteByPrimaryKey" parameterType="java.lang.Integer">
    delete from branch
    where id = #{id,jdbcType=INTEGER}
  </delete>
  <insert id="insert" parameterType="com.juwen.ibc.pojo.Branch">
    insert into branch (id, name, admin_id, 
      contact_person, contact_phone, contact_address, 
      remark, status, create_at
      )
    values (#{id,jdbcType=INTEGER}, #{name,jdbcType=VARCHAR}, #{adminId,jdbcType=INTEGER}, 
      #{contactPerson,jdbcType=VARCHAR}, #{contactPhone,jdbcType=VARCHAR}, #{contactAddress,jdbcType=VARCHAR}, 
      #{remark,jdbcType=VARCHAR}, #{status,jdbcType=INTEGER}, #{createAt,jdbcType=TIMESTAMP}
      )
  </insert>
  <insert id="insertSelective" parameterType="com.juwen.ibc.pojo.Branch">
    insert into branch
    <trim prefix="(" suffix=")" suffixOverrides=",">
      <if test="id != null">
        id,
      </if>
      <if test="name != null">
        name,
      </if>
      <if test="adminId != null">
        admin_id,
      </if>
      <if test="contactPerson != null">
        contact_person,
      </if>
      <if test="contactPhone != null">
        contact_phone,
      </if>
      <if test="contactAddress != null">
        contact_address,
      </if>
      <if test="remark != null">
        remark,
      </if>
      <if test="status != null">
        status,
      </if>
      <if test="createAt != null">
        create_at,
      </if>
    </trim>
    <trim prefix="values (" suffix=")" suffixOverrides=",">
      <if test="id != null">
        #{id,jdbcType=INTEGER},
      </if>
      <if test="name != null">
        #{name,jdbcType=VARCHAR},
      </if>
      <if test="adminId != null">
        #{adminId,jdbcType=INTEGER},
      </if>
      <if test="contactPerson != null">
        #{contactPerson,jdbcType=VARCHAR},
      </if>
      <if test="contactPhone != null">
        #{contactPhone,jdbcType=VARCHAR},
      </if>
      <if test="contactAddress != null">
        #{contactAddress,jdbcType=VARCHAR},
      </if>
      <if test="remark != null">
        #{remark,jdbcType=VARCHAR},
      </if>
      <if test="status != null">
        #{status,jdbcType=INTEGER},
      </if>
      <if test="createAt != null">
        #{createAt,jdbcType=TIMESTAMP},
      </if>
    </trim>
  </insert>
  <update id="updateByPrimaryKeySelective" parameterType="com.juwen.ibc.pojo.Branch">
    update branch
    <set>
      <if test="name != null">
        name = #{name,jdbcType=VARCHAR},
      </if>
      <if test="adminId != null">
        admin_id = #{adminId,jdbcType=INTEGER},
      </if>
      <if test="contactPerson != null">
        contact_person = #{contactPerson,jdbcType=VARCHAR},
      </if>
      <if test="contactPhone != null">
        contact_phone = #{contactPhone,jdbcType=VARCHAR},
      </if>
      <if test="contactAddress != null">
        contact_address = #{contactAddress,jdbcType=VARCHAR},
      </if>
      <if test="remark != null">
        remark = #{remark,jdbcType=VARCHAR},
      </if>
      <if test="status != null">
        status = #{status,jdbcType=INTEGER},
      </if>
      <if test="createAt != null">
        create_at = #{createAt,jdbcType=TIMESTAMP},
      </if>
    </set>
    where id = #{id,jdbcType=INTEGER}
  </update>
  <update id="updateByPrimaryKey" parameterType="com.juwen.ibc.pojo.Branch">
    update branch
    set name = #{name,jdbcType=VARCHAR},
      admin_id = #{adminId,jdbcType=INTEGER},
      contact_person = #{contactPerson,jdbcType=VARCHAR},
      contact_phone = #{contactPhone,jdbcType=VARCHAR},
      contact_address = #{contactAddress,jdbcType=VARCHAR},
      remark = #{remark,jdbcType=VARCHAR},
      status = #{status,jdbcType=INTEGER},
      create_at = #{createAt,jdbcType=TIMESTAMP}
    where id = #{id,jdbcType=INTEGER}
  </update>
</mapper>