<?xml version="1.0" encoding="UTF-8"?>
<!DOCTYPE mapper PUBLIC "-//mybatis.org//DTD Mapper 3.0//EN" "http://mybatis.org/dtd/mybatis-3-mapper.dtd">
<mapper namespace="com.juwen.ibc.dao.IBranchCategoryDAO">
  <resultMap id="BaseResultMap" type="com.juwen.ibc.pojo.BranchCategory">
    <id column="id" jdbcType="INTEGER" property="id" />
    <result column="branch_id" jdbcType="INTEGER" property="branchId" />
    <result column="category_id" jdbcType="INTEGER" property="categoryId" />
  </resultMap>
  <sql id="Base_Column_List">
    id, branch_id, category_id
  </sql>
  <select id="selectByPrimaryKey" parameterType="java.lang.Integer" resultMap="BaseResultMap">
    select 
    <include refid="Base_Column_List" />
    from branch_category
    where id = #{id,jdbcType=INTEGER}
  </select>
  <delete id="deleteByPrimaryKey" parameterType="java.lang.Integer">
    delete from branch_category
    where id = #{id,jdbcType=INTEGER}
  </delete>
  <insert id="insert" parameterType="com.juwen.ibc.pojo.BranchCategory">
    insert into branch_category (id, branch_id, category_id
      )
    values (#{id,jdbcType=INTEGER}, #{branchId,jdbcType=INTEGER}, #{categoryId,jdbcType=INTEGER}
      )
  </insert>
  <insert id="insertSelective" parameterType="com.juwen.ibc.pojo.BranchCategory">
    insert into branch_category
    <trim prefix="(" suffix=")" suffixOverrides=",">
      <if test="id != null">
        id,
      </if>
      <if test="branchId != null">
        branch_id,
      </if>
      <if test="categoryId != null">
        category_id,
      </if>
    </trim>
    <trim prefix="values (" suffix=")" suffixOverrides=",">
      <if test="id != null">
        #{id,jdbcType=INTEGER},
      </if>
      <if test="branchId != null">
        #{branchId,jdbcType=INTEGER},
      </if>
      <if test="categoryId != null">
        #{categoryId,jdbcType=INTEGER},
      </if>
    </trim>
  </insert>
  <update id="updateByPrimaryKeySelective" parameterType="com.juwen.ibc.pojo.BranchCategory">
    update branch_category
    <set>
      <if test="branchId != null">
        branch_id = #{branchId,jdbcType=INTEGER},
      </if>
      <if test="categoryId != null">
        category_id = #{categoryId,jdbcType=INTEGER},
      </if>
    </set>
    where id = #{id,jdbcType=INTEGER}
  </update>
  <update id="updateByPrimaryKey" parameterType="com.juwen.ibc.pojo.BranchCategory">
    update branch_category
    set branch_id = #{branchId,jdbcType=INTEGER},
      category_id = #{categoryId,jdbcType=INTEGER}
    where id = #{id,jdbcType=INTEGER}
  </update>
</mapper>