<?xml version="1.0" encoding="UTF-8"?>
<!DOCTYPE mapper PUBLIC "-//mybatis.org//DTD Mapper 3.0//EN" "http://mybatis.org/dtd/mybatis-3-mapper.dtd">
<mapper namespace="com.juwen.ibc.dao.IClassesDAO">
  <resultMap id="BaseResultMap" type="com.juwen.ibc.pojo.Classes">
    <id column="id" jdbcType="INTEGER" property="id" />
    <result column="name" jdbcType="VARCHAR" property="name" />
    <result column="profession_id" jdbcType="INTEGER" property="professionId" />
    <result column="school_id" jdbcType="INTEGER" property="schoolId" />
    <result column="description" jdbcType="VARCHAR" property="description" />
    <result column="status" jdbcType="INTEGER" property="status" />
    <result column="create_at" jdbcType="TIMESTAMP" property="createAt" />
  </resultMap>
  <sql id="Base_Column_List">
    id, name, profession_id, school_id, description, status, create_at
  </sql>
  <select id="selectByPrimaryKey" parameterType="java.lang.Integer" resultMap="BaseResultMap">
    select 
    <include refid="Base_Column_List" />
    from classes
    where id = #{id,jdbcType=INTEGER}
  </select>
  <delete id="deleteByPrimaryKey" parameterType="java.lang.Integer">
    delete from classes
    where id = #{id,jdbcType=INTEGER}
  </delete>
  <insert id="insert" parameterType="com.juwen.ibc.pojo.Classes">
    insert into classes (id, name, profession_id, 
      school_id, description, status, 
      create_at)
    values (#{id,jdbcType=INTEGER}, #{name,jdbcType=VARCHAR}, #{professionId,jdbcType=INTEGER}, 
      #{schoolId,jdbcType=INTEGER}, #{description,jdbcType=VARCHAR}, #{status,jdbcType=INTEGER}, 
      #{createAt,jdbcType=TIMESTAMP})
  </insert>
  <insert id="insertSelective" parameterType="com.juwen.ibc.pojo.Classes">
    insert into classes
    <trim prefix="(" suffix=")" suffixOverrides=",">
      <if test="id != null">
        id,
      </if>
      <if test="name != null">
        name,
      </if>
      <if test="professionId != null">
        profession_id,
      </if>
      <if test="schoolId != null">
        school_id,
      </if>
      <if test="description != null">
        description,
      </if>
      <if test="status != null">
        status,
      </if>
      <if test="createAt != null">
        create_at,
      </if>
    </trim>
    <trim prefix="values (" suffix=")" suffixOverrides=",">
      <if test="id != null">
        #{id,jdbcType=INTEGER},
      </if>
      <if test="name != null">
        #{name,jdbcType=VARCHAR},
      </if>
      <if test="professionId != null">
        #{professionId,jdbcType=INTEGER},
      </if>
      <if test="schoolId != null">
        #{schoolId,jdbcType=INTEGER},
      </if>
      <if test="description != null">
        #{description,jdbcType=VARCHAR},
      </if>
      <if test="status != null">
        #{status,jdbcType=INTEGER},
      </if>
      <if test="createAt != null">
        #{createAt,jdbcType=TIMESTAMP},
      </if>
    </trim>
  </insert>
  <update id="updateByPrimaryKeySelective" parameterType="com.juwen.ibc.pojo.Classes">
    update classes
    <set>
      <if test="name != null">
        name = #{name,jdbcType=VARCHAR},
      </if>
      <if test="professionId != null">
        profession_id = #{professionId,jdbcType=INTEGER},
      </if>
      <if test="schoolId != null">
        school_id = #{schoolId,jdbcType=INTEGER},
      </if>
      <if test="description != null">
        description = #{description,jdbcType=VARCHAR},
      </if>
      <if test="status != null">
        status = #{status,jdbcType=INTEGER},
      </if>
      <if test="createAt != null">
        create_at = #{createAt,jdbcType=TIMESTAMP},
      </if>
    </set>
    where id = #{id,jdbcType=INTEGER}
  </update>
  <update id="updateByPrimaryKey" parameterType="com.juwen.ibc.pojo.Classes">
    update classes
    set name = #{name,jdbcType=VARCHAR},
      profession_id = #{professionId,jdbcType=INTEGER},
      school_id = #{schoolId,jdbcType=INTEGER},
      description = #{description,jdbcType=VARCHAR},
      status = #{status,jdbcType=INTEGER},
      create_at = #{createAt,jdbcType=TIMESTAMP}
    where id = #{id,jdbcType=INTEGER}
  </update>
</mapper>