<?xml version="1.0" encoding="UTF-8"?>
<!DOCTYPE mapper PUBLIC "-//mybatis.org//DTD Mapper 3.0//EN" "http://mybatis.org/dtd/mybatis-3-mapper.dtd">
<mapper namespace="com.juwen.ibc.dao.ICurriculumDAO">
  <resultMap id="BaseResultMap" type="com.juwen.ibc.pojo.Curriculum">
    <id column="id" jdbcType="INTEGER" property="id" />
    <result column="name" jdbcType="VARCHAR" property="name" />
    <result column="code" jdbcType="VARCHAR" property="code" />
    <result column="category_id" jdbcType="INTEGER" property="categoryId" />
    <result column="type" jdbcType="INTEGER" property="type" />
    <result column="status" jdbcType="INTEGER" property="status" />
    <result column="create_at" jdbcType="TIMESTAMP" property="createAt" />
    <result column="credits" jdbcType="INTEGER" property="credits" />
    <result column="hot_number" jdbcType="INTEGER" property="hotNumber" />
    <result column="is_hot" jdbcType="TINYINT" property="isHot" />
  </resultMap>
  <sql id="Base_Column_List">
    id, name, code, category_id, type, status, create_at, credits, hot_number, is_hot
  </sql>
  <select id="selectByPrimaryKey" parameterType="java.lang.Integer" resultMap="BaseResultMap">
    select 
    <include refid="Base_Column_List" />
    from curriculum
    where id = #{id,jdbcType=INTEGER}
  </select>
  <delete id="deleteByPrimaryKey" parameterType="java.lang.Integer">
    delete from curriculum
    where id = #{id,jdbcType=INTEGER}
  </delete>
  <insert id="insert" parameterType="com.juwen.ibc.pojo.Curriculum">
    insert into curriculum (id, name, code, 
      category_id, type, status, 
      create_at, credits, hot_number, 
      is_hot)
    values (#{id,jdbcType=INTEGER}, #{name,jdbcType=VARCHAR}, #{code,jdbcType=VARCHAR}, 
      #{categoryId,jdbcType=INTEGER}, #{type,jdbcType=INTEGER}, #{status,jdbcType=INTEGER}, 
      #{createAt,jdbcType=TIMESTAMP}, #{credits,jdbcType=INTEGER}, #{hotNumber,jdbcType=INTEGER}, 
      #{isHot,jdbcType=TINYINT})
  </insert>
  <insert id="insertSelective" parameterType="com.juwen.ibc.pojo.Curriculum">
    insert into curriculum
    <trim prefix="(" suffix=")" suffixOverrides=",">
      <if test="id != null">
        id,
      </if>
      <if test="name != null">
        name,
      </if>
      <if test="code != null">
        code,
      </if>
      <if test="categoryId != null">
        category_id,
      </if>
      <if test="type != null">
        type,
      </if>
      <if test="status != null">
        status,
      </if>
      <if test="createAt != null">
        create_at,
      </if>
      <if test="credits != null">
        credits,
      </if>
      <if test="hotNumber != null">
        hot_number,
      </if>
      <if test="isHot != null">
        is_hot,
      </if>
    </trim>
    <trim prefix="values (" suffix=")" suffixOverrides=",">
      <if test="id != null">
        #{id,jdbcType=INTEGER},
      </if>
      <if test="name != null">
        #{name,jdbcType=VARCHAR},
      </if>
      <if test="code != null">
        #{code,jdbcType=VARCHAR},
      </if>
      <if test="categoryId != null">
        #{categoryId,jdbcType=INTEGER},
      </if>
      <if test="type != null">
        #{type,jdbcType=INTEGER},
      </if>
      <if test="status != null">
        #{status,jdbcType=INTEGER},
      </if>
      <if test="createAt != null">
        #{createAt,jdbcType=TIMESTAMP},
      </if>
      <if test="credits != null">
        #{credits,jdbcType=INTEGER},
      </if>
      <if test="hotNumber != null">
        #{hotNumber,jdbcType=INTEGER},
      </if>
      <if test="isHot != null">
        #{isHot,jdbcType=TINYINT},
      </if>
    </trim>
  </insert>
  <update id="updateByPrimaryKeySelective" parameterType="com.juwen.ibc.pojo.Curriculum">
    update curriculum
    <set>
      <if test="name != null">
        name = #{name,jdbcType=VARCHAR},
      </if>
      <if test="code != null">
        code = #{code,jdbcType=VARCHAR},
      </if>
      <if test="categoryId != null">
        category_id = #{categoryId,jdbcType=INTEGER},
      </if>
      <if test="type != null">
        type = #{type,jdbcType=INTEGER},
      </if>
      <if test="status != null">
        status = #{status,jdbcType=INTEGER},
      </if>
      <if test="createAt != null">
        create_at = #{createAt,jdbcType=TIMESTAMP},
      </if>
      <if test="credits != null">
        credits = #{credits,jdbcType=INTEGER},
      </if>
      <if test="hotNumber != null">
        hot_number = #{hotNumber,jdbcType=INTEGER},
      </if>
      <if test="isHot != null">
        is_hot = #{isHot,jdbcType=TINYINT},
      </if>
    </set>
    where id = #{id,jdbcType=INTEGER}
  </update>
  <update id="updateByPrimaryKey" parameterType="com.juwen.ibc.pojo.Curriculum">
    update curriculum
    set name = #{name,jdbcType=VARCHAR},
      code = #{code,jdbcType=VARCHAR},
      category_id = #{categoryId,jdbcType=INTEGER},
      type = #{type,jdbcType=INTEGER},
      status = #{status,jdbcType=INTEGER},
      create_at = #{createAt,jdbcType=TIMESTAMP},
      credits = #{credits,jdbcType=INTEGER},
      hot_number = #{hotNumber,jdbcType=INTEGER},
      is_hot = #{isHot,jdbcType=TINYINT}
    where id = #{id,jdbcType=INTEGER}
  </update>
</mapper>