<?xml version="1.0" encoding="UTF-8"?>
<!DOCTYPE mapper PUBLIC "-//mybatis.org//DTD Mapper 3.0//EN" "http://mybatis.org/dtd/mybatis-3-mapper.dtd">
<mapper namespace="com.juwen.ibc.dao.IEvaluationPaperInfoDAO">
  <resultMap id="BaseResultMap" type="com.juwen.ibc.pojo.EvaluationPaperInfo">
    <id column="id" jdbcType="INTEGER" property="id" />
    <result column="auto_subtype" jdbcType="INTEGER" property="autoSubtype" />
    <result column="remark" jdbcType="VARCHAR" property="remark" />
    <result column="paper_id" jdbcType="INTEGER" property="paperId" />
    <result column="auto_subject_id" jdbcType="INTEGER" property="autoSubjectId" />
    <result column="curriculum_code" jdbcType="VARCHAR" property="curriculumCode" />
    <result column="profession_id" jdbcType="INTEGER" property="professionId" />
    <result column="create_at" jdbcType="TIMESTAMP" property="createAt" />
    <result column="new_id" jdbcType="VARCHAR" property="newId" />
    <result column="paper_new_id" jdbcType="VARCHAR" property="paperNewId" />
    <result column="profession_new_id" jdbcType="VARCHAR" property="professionNewId" />
  </resultMap>
  <sql id="Base_Column_List">
    id, auto_subtype, remark, paper_id, auto_subject_id, curriculum_code, profession_id, 
    create_at, new_id, paper_new_id, profession_new_id
  </sql>
  <select id="selectByPrimaryKey" parameterType="java.lang.Integer" resultMap="BaseResultMap">
    select 
    <include refid="Base_Column_List" />
    from evaluation_paper_info
    where id = #{id,jdbcType=INTEGER}
  </select>
  <delete id="deleteByPrimaryKey" parameterType="java.lang.Integer">
    delete from evaluation_paper_info
    where id = #{id,jdbcType=INTEGER}
  </delete>
  <insert id="insert" parameterType="com.juwen.ibc.pojo.EvaluationPaperInfo">
    insert into evaluation_paper_info (id, auto_subtype, remark, 
      paper_id, auto_subject_id, curriculum_code, 
      profession_id, create_at, new_id, 
      paper_new_id, profession_new_id)
    values (#{id,jdbcType=INTEGER}, #{autoSubtype,jdbcType=INTEGER}, #{remark,jdbcType=VARCHAR}, 
      #{paperId,jdbcType=INTEGER}, #{autoSubjectId,jdbcType=INTEGER}, #{curriculumCode,jdbcType=VARCHAR}, 
      #{professionId,jdbcType=INTEGER}, #{createAt,jdbcType=TIMESTAMP}, #{newId,jdbcType=VARCHAR}, 
      #{paperNewId,jdbcType=VARCHAR}, #{professionNewId,jdbcType=VARCHAR})
  </insert>
  <insert id="insertSelective" parameterType="com.juwen.ibc.pojo.EvaluationPaperInfo">
    insert into evaluation_paper_info
    <trim prefix="(" suffix=")" suffixOverrides=",">
      <if test="id != null">
        id,
      </if>
      <if test="autoSubtype != null">
        auto_subtype,
      </if>
      <if test="remark != null">
        remark,
      </if>
      <if test="paperId != null">
        paper_id,
      </if>
      <if test="autoSubjectId != null">
        auto_subject_id,
      </if>
      <if test="curriculumCode != null">
        curriculum_code,
      </if>
      <if test="professionId != null">
        profession_id,
      </if>
      <if test="createAt != null">
        create_at,
      </if>
      <if test="newId != null">
        new_id,
      </if>
      <if test="paperNewId != null">
        paper_new_id,
      </if>
      <if test="professionNewId != null">
        profession_new_id,
      </if>
    </trim>
    <trim prefix="values (" suffix=")" suffixOverrides=",">
      <if test="id != null">
        #{id,jdbcType=INTEGER},
      </if>
      <if test="autoSubtype != null">
        #{autoSubtype,jdbcType=INTEGER},
      </if>
      <if test="remark != null">
        #{remark,jdbcType=VARCHAR},
      </if>
      <if test="paperId != null">
        #{paperId,jdbcType=INTEGER},
      </if>
      <if test="autoSubjectId != null">
        #{autoSubjectId,jdbcType=INTEGER},
      </if>
      <if test="curriculumCode != null">
        #{curriculumCode,jdbcType=VARCHAR},
      </if>
      <if test="professionId != null">
        #{professionId,jdbcType=INTEGER},
      </if>
      <if test="createAt != null">
        #{createAt,jdbcType=TIMESTAMP},
      </if>
      <if test="newId != null">
        #{newId,jdbcType=VARCHAR},
      </if>
      <if test="paperNewId != null">
        #{paperNewId,jdbcType=VARCHAR},
      </if>
      <if test="professionNewId != null">
        #{professionNewId,jdbcType=VARCHAR},
      </if>
    </trim>
  </insert>
  <update id="updateByPrimaryKeySelective" parameterType="com.juwen.ibc.pojo.EvaluationPaperInfo">
    update evaluation_paper_info
    <set>
      <if test="autoSubtype != null">
        auto_subtype = #{autoSubtype,jdbcType=INTEGER},
      </if>
      <if test="remark != null">
        remark = #{remark,jdbcType=VARCHAR},
      </if>
      <if test="paperId != null">
        paper_id = #{paperId,jdbcType=INTEGER},
      </if>
      <if test="autoSubjectId != null">
        auto_subject_id = #{autoSubjectId,jdbcType=INTEGER},
      </if>
      <if test="curriculumCode != null">
        curriculum_code = #{curriculumCode,jdbcType=VARCHAR},
      </if>
      <if test="professionId != null">
        profession_id = #{professionId,jdbcType=INTEGER},
      </if>
      <if test="createAt != null">
        create_at = #{createAt,jdbcType=TIMESTAMP},
      </if>
      <if test="newId != null">
        new_id = #{newId,jdbcType=VARCHAR},
      </if>
      <if test="paperNewId != null">
        paper_new_id = #{paperNewId,jdbcType=VARCHAR},
      </if>
      <if test="professionNewId != null">
        profession_new_id = #{professionNewId,jdbcType=VARCHAR},
      </if>
    </set>
    where id = #{id,jdbcType=INTEGER}
  </update>
  <update id="updateByPrimaryKey" parameterType="com.juwen.ibc.pojo.EvaluationPaperInfo">
    update evaluation_paper_info
    set auto_subtype = #{autoSubtype,jdbcType=INTEGER},
      remark = #{remark,jdbcType=VARCHAR},
      paper_id = #{paperId,jdbcType=INTEGER},
      auto_subject_id = #{autoSubjectId,jdbcType=INTEGER},
      curriculum_code = #{curriculumCode,jdbcType=VARCHAR},
      profession_id = #{professionId,jdbcType=INTEGER},
      create_at = #{createAt,jdbcType=TIMESTAMP},
      new_id = #{newId,jdbcType=VARCHAR},
      paper_new_id = #{paperNewId,jdbcType=VARCHAR},
      profession_new_id = #{professionNewId,jdbcType=VARCHAR}
    where id = #{id,jdbcType=INTEGER}
  </update>
</mapper>