<?xml version="1.0" encoding="UTF-8"?>
<!DOCTYPE mapper PUBLIC "-//mybatis.org//DTD Mapper 3.0//EN" "http://mybatis.org/dtd/mybatis-3-mapper.dtd">
<mapper namespace="com.juwen.ibc.dao.IEvaluationDAO">
  <resultMap id="BaseResultMap" type="com.juwen.ibc.pojo.Evaluation">
    <id column="id" jdbcType="INTEGER" property="id" />
    <result column="student_id" jdbcType="INTEGER" property="studentId" />
    <result column="tname" jdbcType="VARCHAR" property="tname" />
    <result column="lock" jdbcType="INTEGER" property="lock" />
    <result column="curr_code" jdbcType="VARCHAR" property="currCode" />
    <result column="ttime" jdbcType="TIMESTAMP" property="ttime" />
    <result column="paper_id" jdbcType="INTEGER" property="paperId" />
    <result column="degree" jdbcType="INTEGER" property="degree" />
    <result column="evaluation_type" jdbcType="INTEGER" property="evaluationType" />
    <result column="top_score" jdbcType="REAL" property="topScore" />
    <result column="create_at" jdbcType="TIMESTAMP" property="createAt" />
    <result column="remark" jdbcType="VARCHAR" property="remark" />
    <result column="all_time" jdbcType="TIMESTAMP" property="allTime" />
    <result column="correct" jdbcType="INTEGER" property="correct" />
    <result column="mistake" jdbcType="INTEGER" property="mistake" />
    <result column="notfill" jdbcType="INTEGER" property="notfill" />
    <result column="paper_new_id" jdbcType="VARCHAR" property="paperNewId" />
    <result column="student_new_id" jdbcType="VARCHAR" property="studentNewId" />
  </resultMap>
  <sql id="Base_Column_List">
    id, student_id, tname, lock, curr_code, ttime, paper_id, degree, evaluation_type, 
    top_score, create_at, remark, all_time, correct, mistake, notfill, paper_new_id, 
    student_new_id
  </sql>
  <select id="selectByPrimaryKey" parameterType="java.lang.Integer" resultMap="BaseResultMap">
    select 
    <include refid="Base_Column_List" />
    from evaluation
    where id = #{id,jdbcType=INTEGER}
  </select>
  <delete id="deleteByPrimaryKey" parameterType="java.lang.Integer">
    delete from evaluation
    where id = #{id,jdbcType=INTEGER}
  </delete>
  <insert id="insert" parameterType="com.juwen.ibc.pojo.Evaluation">
    insert into evaluation (id, student_id, tname, 
      lock, curr_code, ttime, 
      paper_id, degree, evaluation_type, 
      top_score, create_at, remark, 
      all_time, correct, mistake, 
      notfill, paper_new_id, student_new_id
      )
    values (#{id,jdbcType=INTEGER}, #{studentId,jdbcType=INTEGER}, #{tname,jdbcType=VARCHAR}, 
      #{lock,jdbcType=INTEGER}, #{currCode,jdbcType=VARCHAR}, #{ttime,jdbcType=TIMESTAMP}, 
      #{paperId,jdbcType=INTEGER}, #{degree,jdbcType=INTEGER}, #{evaluationType,jdbcType=INTEGER}, 
      #{topScore,jdbcType=REAL}, #{createAt,jdbcType=TIMESTAMP}, #{remark,jdbcType=VARCHAR}, 
      #{allTime,jdbcType=TIMESTAMP}, #{correct,jdbcType=INTEGER}, #{mistake,jdbcType=INTEGER}, 
      #{notfill,jdbcType=INTEGER}, #{paperNewId,jdbcType=VARCHAR}, #{studentNewId,jdbcType=VARCHAR}
      )
  </insert>
  <insert id="insertSelective" parameterType="com.juwen.ibc.pojo.Evaluation">
    insert into evaluation
    <trim prefix="(" suffix=")" suffixOverrides=",">
      <if test="id != null">
        id,
      </if>
      <if test="studentId != null">
        student_id,
      </if>
      <if test="tname != null">
        tname,
      </if>
      <if test="lock != null">
        lock,
      </if>
      <if test="currCode != null">
        curr_code,
      </if>
      <if test="ttime != null">
        ttime,
      </if>
      <if test="paperId != null">
        paper_id,
      </if>
      <if test="degree != null">
        degree,
      </if>
      <if test="evaluationType != null">
        evaluation_type,
      </if>
      <if test="topScore != null">
        top_score,
      </if>
      <if test="createAt != null">
        create_at,
      </if>
      <if test="remark != null">
        remark,
      </if>
      <if test="allTime != null">
        all_time,
      </if>
      <if test="correct != null">
        correct,
      </if>
      <if test="mistake != null">
        mistake,
      </if>
      <if test="notfill != null">
        notfill,
      </if>
      <if test="paperNewId != null">
        paper_new_id,
      </if>
      <if test="studentNewId != null">
        student_new_id,
      </if>
    </trim>
    <trim prefix="values (" suffix=")" suffixOverrides=",">
      <if test="id != null">
        #{id,jdbcType=INTEGER},
      </if>
      <if test="studentId != null">
        #{studentId,jdbcType=INTEGER},
      </if>
      <if test="tname != null">
        #{tname,jdbcType=VARCHAR},
      </if>
      <if test="lock != null">
        #{lock,jdbcType=INTEGER},
      </if>
      <if test="currCode != null">
        #{currCode,jdbcType=VARCHAR},
      </if>
      <if test="ttime != null">
        #{ttime,jdbcType=TIMESTAMP},
      </if>
      <if test="paperId != null">
        #{paperId,jdbcType=INTEGER},
      </if>
      <if test="degree != null">
        #{degree,jdbcType=INTEGER},
      </if>
      <if test="evaluationType != null">
        #{evaluationType,jdbcType=INTEGER},
      </if>
      <if test="topScore != null">
        #{topScore,jdbcType=REAL},
      </if>
      <if test="createAt != null">
        #{createAt,jdbcType=TIMESTAMP},
      </if>
      <if test="remark != null">
        #{remark,jdbcType=VARCHAR},
      </if>
      <if test="allTime != null">
        #{allTime,jdbcType=TIMESTAMP},
      </if>
      <if test="correct != null">
        #{correct,jdbcType=INTEGER},
      </if>
      <if test="mistake != null">
        #{mistake,jdbcType=INTEGER},
      </if>
      <if test="notfill != null">
        #{notfill,jdbcType=INTEGER},
      </if>
      <if test="paperNewId != null">
        #{paperNewId,jdbcType=VARCHAR},
      </if>
      <if test="studentNewId != null">
        #{studentNewId,jdbcType=VARCHAR},
      </if>
    </trim>
  </insert>
  <update id="updateByPrimaryKeySelective" parameterType="com.juwen.ibc.pojo.Evaluation">
    update evaluation
    <set>
      <if test="studentId != null">
        student_id = #{studentId,jdbcType=INTEGER},
      </if>
      <if test="tname != null">
        tname = #{tname,jdbcType=VARCHAR},
      </if>
      <if test="lock != null">
        lock = #{lock,jdbcType=INTEGER},
      </if>
      <if test="currCode != null">
        curr_code = #{currCode,jdbcType=VARCHAR},
      </if>
      <if test="ttime != null">
        ttime = #{ttime,jdbcType=TIMESTAMP},
      </if>
      <if test="paperId != null">
        paper_id = #{paperId,jdbcType=INTEGER},
      </if>
      <if test="degree != null">
        degree = #{degree,jdbcType=INTEGER},
      </if>
      <if test="evaluationType != null">
        evaluation_type = #{evaluationType,jdbcType=INTEGER},
      </if>
      <if test="topScore != null">
        top_score = #{topScore,jdbcType=REAL},
      </if>
      <if test="createAt != null">
        create_at = #{createAt,jdbcType=TIMESTAMP},
      </if>
      <if test="remark != null">
        remark = #{remark,jdbcType=VARCHAR},
      </if>
      <if test="allTime != null">
        all_time = #{allTime,jdbcType=TIMESTAMP},
      </if>
      <if test="correct != null">
        correct = #{correct,jdbcType=INTEGER},
      </if>
      <if test="mistake != null">
        mistake = #{mistake,jdbcType=INTEGER},
      </if>
      <if test="notfill != null">
        notfill = #{notfill,jdbcType=INTEGER},
      </if>
      <if test="paperNewId != null">
        paper_new_id = #{paperNewId,jdbcType=VARCHAR},
      </if>
      <if test="studentNewId != null">
        student_new_id = #{studentNewId,jdbcType=VARCHAR},
      </if>
    </set>
    where id = #{id,jdbcType=INTEGER}
  </update>
  <update id="updateByPrimaryKey" parameterType="com.juwen.ibc.pojo.Evaluation">
    update evaluation
    set student_id = #{studentId,jdbcType=INTEGER},
      tname = #{tname,jdbcType=VARCHAR},
      lock = #{lock,jdbcType=INTEGER},
      curr_code = #{currCode,jdbcType=VARCHAR},
      ttime = #{ttime,jdbcType=TIMESTAMP},
      paper_id = #{paperId,jdbcType=INTEGER},
      degree = #{degree,jdbcType=INTEGER},
      evaluation_type = #{evaluationType,jdbcType=INTEGER},
      top_score = #{topScore,jdbcType=REAL},
      create_at = #{createAt,jdbcType=TIMESTAMP},
      remark = #{remark,jdbcType=VARCHAR},
      all_time = #{allTime,jdbcType=TIMESTAMP},
      correct = #{correct,jdbcType=INTEGER},
      mistake = #{mistake,jdbcType=INTEGER},
      notfill = #{notfill,jdbcType=INTEGER},
      paper_new_id = #{paperNewId,jdbcType=VARCHAR},
      student_new_id = #{studentNewId,jdbcType=VARCHAR}
    where id = #{id,jdbcType=INTEGER}
  </update>
</mapper>