<?xml version="1.0" encoding="UTF-8"?>
<!DOCTYPE mapper PUBLIC "-//mybatis.org//DTD Mapper 3.0//EN" "http://mybatis.org/dtd/mybatis-3-mapper.dtd">
<mapper namespace="com.juwen.ibc.dao.IExamPaperInfoQuestionDAO">
  <resultMap id="BaseResultMap" type="com.juwen.ibc.pojo.ExamPaperInfoQuestion">
    <id column="id" jdbcType="INTEGER" property="id" />
    <result column="exam_paper_info_question_type_id" jdbcType="INTEGER" property="examPaperInfoQuestionTypeId" />
    <result column="exam_question_bank_id" jdbcType="INTEGER" property="examQuestionBankId" />
    <result column="list_order" jdbcType="INTEGER" property="listOrder" />
    <result column="create_at" jdbcType="TIMESTAMP" property="createAt" />
    <result column="exam_paper_info_question_type_new_id" jdbcType="VARCHAR" property="examPaperInfoQuestionTypeNewId" />
    <result column="exam_question_bank_new_id" jdbcType="VARCHAR" property="examQuestionBankNewId" />
  </resultMap>
  <sql id="Base_Column_List">
    id, exam_paper_info_question_type_id, exam_question_bank_id, list_order, create_at, 
    exam_paper_info_question_type_new_id, exam_question_bank_new_id
  </sql>
  <select id="selectByPrimaryKey" parameterType="java.lang.Integer" resultMap="BaseResultMap">
    select 
    <include refid="Base_Column_List" />
    from exam_paper_info_question
    where id = #{id,jdbcType=INTEGER}
  </select>
  <delete id="deleteByPrimaryKey" parameterType="java.lang.Integer">
    delete from exam_paper_info_question
    where id = #{id,jdbcType=INTEGER}
  </delete>
  <insert id="insert" parameterType="com.juwen.ibc.pojo.ExamPaperInfoQuestion">
    insert into exam_paper_info_question (id, exam_paper_info_question_type_id, 
      exam_question_bank_id, list_order, create_at, 
      exam_paper_info_question_type_new_id, exam_question_bank_new_id
      )
    values (#{id,jdbcType=INTEGER}, #{examPaperInfoQuestionTypeId,jdbcType=INTEGER}, 
      #{examQuestionBankId,jdbcType=INTEGER}, #{listOrder,jdbcType=INTEGER}, #{createAt,jdbcType=TIMESTAMP}, 
      #{examPaperInfoQuestionTypeNewId,jdbcType=VARCHAR}, #{examQuestionBankNewId,jdbcType=VARCHAR}
      )
  </insert>
  <insert id="insertSelective" parameterType="com.juwen.ibc.pojo.ExamPaperInfoQuestion">
    insert into exam_paper_info_question
    <trim prefix="(" suffix=")" suffixOverrides=",">
      <if test="id != null">
        id,
      </if>
      <if test="examPaperInfoQuestionTypeId != null">
        exam_paper_info_question_type_id,
      </if>
      <if test="examQuestionBankId != null">
        exam_question_bank_id,
      </if>
      <if test="listOrder != null">
        list_order,
      </if>
      <if test="createAt != null">
        create_at,
      </if>
      <if test="examPaperInfoQuestionTypeNewId != null">
        exam_paper_info_question_type_new_id,
      </if>
      <if test="examQuestionBankNewId != null">
        exam_question_bank_new_id,
      </if>
    </trim>
    <trim prefix="values (" suffix=")" suffixOverrides=",">
      <if test="id != null">
        #{id,jdbcType=INTEGER},
      </if>
      <if test="examPaperInfoQuestionTypeId != null">
        #{examPaperInfoQuestionTypeId,jdbcType=INTEGER},
      </if>
      <if test="examQuestionBankId != null">
        #{examQuestionBankId,jdbcType=INTEGER},
      </if>
      <if test="listOrder != null">
        #{listOrder,jdbcType=INTEGER},
      </if>
      <if test="createAt != null">
        #{createAt,jdbcType=TIMESTAMP},
      </if>
      <if test="examPaperInfoQuestionTypeNewId != null">
        #{examPaperInfoQuestionTypeNewId,jdbcType=VARCHAR},
      </if>
      <if test="examQuestionBankNewId != null">
        #{examQuestionBankNewId,jdbcType=VARCHAR},
      </if>
    </trim>
  </insert>
  <update id="updateByPrimaryKeySelective" parameterType="com.juwen.ibc.pojo.ExamPaperInfoQuestion">
    update exam_paper_info_question
    <set>
      <if test="examPaperInfoQuestionTypeId != null">
        exam_paper_info_question_type_id = #{examPaperInfoQuestionTypeId,jdbcType=INTEGER},
      </if>
      <if test="examQuestionBankId != null">
        exam_question_bank_id = #{examQuestionBankId,jdbcType=INTEGER},
      </if>
      <if test="listOrder != null">
        list_order = #{listOrder,jdbcType=INTEGER},
      </if>
      <if test="createAt != null">
        create_at = #{createAt,jdbcType=TIMESTAMP},
      </if>
      <if test="examPaperInfoQuestionTypeNewId != null">
        exam_paper_info_question_type_new_id = #{examPaperInfoQuestionTypeNewId,jdbcType=VARCHAR},
      </if>
      <if test="examQuestionBankNewId != null">
        exam_question_bank_new_id = #{examQuestionBankNewId,jdbcType=VARCHAR},
      </if>
    </set>
    where id = #{id,jdbcType=INTEGER}
  </update>
  <update id="updateByPrimaryKey" parameterType="com.juwen.ibc.pojo.ExamPaperInfoQuestion">
    update exam_paper_info_question
    set exam_paper_info_question_type_id = #{examPaperInfoQuestionTypeId,jdbcType=INTEGER},
      exam_question_bank_id = #{examQuestionBankId,jdbcType=INTEGER},
      list_order = #{listOrder,jdbcType=INTEGER},
      create_at = #{createAt,jdbcType=TIMESTAMP},
      exam_paper_info_question_type_new_id = #{examPaperInfoQuestionTypeNewId,jdbcType=VARCHAR},
      exam_question_bank_new_id = #{examQuestionBankNewId,jdbcType=VARCHAR}
    where id = #{id,jdbcType=INTEGER}
  </update>
</mapper>