<?xml version="1.0" encoding="UTF-8"?>
<!DOCTYPE mapper PUBLIC "-//mybatis.org//DTD Mapper 3.0//EN" "http://mybatis.org/dtd/mybatis-3-mapper.dtd">
<mapper namespace="com.juwen.ibc.dao.IExamContentsAnswerDAO">
  <resultMap id="BaseResultMap" type="com.juwen.ibc.pojo.ExamContentsAnswer">
    <id column="id" jdbcType="INTEGER" property="id" />
    <result column="exam_question_bank_id" jdbcType="INTEGER" property="examQuestionBankId" />
    <result column="answer_type" jdbcType="INTEGER" property="answerType" />
    <result column="new_id" jdbcType="VARCHAR" property="newId" />
    <result column="exam_question_bank_new_id" jdbcType="VARCHAR" property="examQuestionBankNewId" />
  </resultMap>
  <resultMap extends="BaseResultMap" id="ResultMapWithBLOBs" type="com.juwen.ibc.pojo.ExamContentsAnswer">
    <result column="answer" jdbcType="LONGVARCHAR" property="answer" />
  </resultMap>
  <sql id="Base_Column_List">
    id, exam_question_bank_id, answer_type, new_id, exam_question_bank_new_id
  </sql>
  <sql id="Blob_Column_List">
    answer
  </sql>
  <select id="selectByPrimaryKey" parameterType="java.lang.Integer" resultMap="ResultMapWithBLOBs">
    select 
    <include refid="Base_Column_List" />
    ,
    <include refid="Blob_Column_List" />
    from exam_contents_answer
    where id = #{id,jdbcType=INTEGER}
  </select>
  <delete id="deleteByPrimaryKey" parameterType="java.lang.Integer">
    delete from exam_contents_answer
    where id = #{id,jdbcType=INTEGER}
  </delete>
  <insert id="insert" parameterType="com.juwen.ibc.pojo.ExamContentsAnswer">
    insert into exam_contents_answer (id, exam_question_bank_id, answer_type, 
      new_id, exam_question_bank_new_id, answer
      )
    values (#{id,jdbcType=INTEGER}, #{examQuestionBankId,jdbcType=INTEGER}, #{answerType,jdbcType=INTEGER}, 
      #{newId,jdbcType=VARCHAR}, #{examQuestionBankNewId,jdbcType=VARCHAR}, #{answer,jdbcType=LONGVARCHAR}
      )
  </insert>
  <insert id="insertSelective" parameterType="com.juwen.ibc.pojo.ExamContentsAnswer">
    insert into exam_contents_answer
    <trim prefix="(" suffix=")" suffixOverrides=",">
      <if test="id != null">
        id,
      </if>
      <if test="examQuestionBankId != null">
        exam_question_bank_id,
      </if>
      <if test="answerType != null">
        answer_type,
      </if>
      <if test="newId != null">
        new_id,
      </if>
      <if test="examQuestionBankNewId != null">
        exam_question_bank_new_id,
      </if>
      <if test="answer != null">
        answer,
      </if>
    </trim>
    <trim prefix="values (" suffix=")" suffixOverrides=",">
      <if test="id != null">
        #{id,jdbcType=INTEGER},
      </if>
      <if test="examQuestionBankId != null">
        #{examQuestionBankId,jdbcType=INTEGER},
      </if>
      <if test="answerType != null">
        #{answerType,jdbcType=INTEGER},
      </if>
      <if test="newId != null">
        #{newId,jdbcType=VARCHAR},
      </if>
      <if test="examQuestionBankNewId != null">
        #{examQuestionBankNewId,jdbcType=VARCHAR},
      </if>
      <if test="answer != null">
        #{answer,jdbcType=LONGVARCHAR},
      </if>
    </trim>
  </insert>
  <update id="updateByPrimaryKeySelective" parameterType="com.juwen.ibc.pojo.ExamContentsAnswer">
    update exam_contents_answer
    <set>
      <if test="examQuestionBankId != null">
        exam_question_bank_id = #{examQuestionBankId,jdbcType=INTEGER},
      </if>
      <if test="answerType != null">
        answer_type = #{answerType,jdbcType=INTEGER},
      </if>
      <if test="newId != null">
        new_id = #{newId,jdbcType=VARCHAR},
      </if>
      <if test="examQuestionBankNewId != null">
        exam_question_bank_new_id = #{examQuestionBankNewId,jdbcType=VARCHAR},
      </if>
      <if test="answer != null">
        answer = #{answer,jdbcType=LONGVARCHAR},
      </if>
    </set>
    where id = #{id,jdbcType=INTEGER}
  </update>
  <update id="updateByPrimaryKeyWithBLOBs" parameterType="com.juwen.ibc.pojo.ExamContentsAnswer">
    update exam_contents_answer
    set exam_question_bank_id = #{examQuestionBankId,jdbcType=INTEGER},
      answer_type = #{answerType,jdbcType=INTEGER},
      new_id = #{newId,jdbcType=VARCHAR},
      exam_question_bank_new_id = #{examQuestionBankNewId,jdbcType=VARCHAR},
      answer = #{answer,jdbcType=LONGVARCHAR}
    where id = #{id,jdbcType=INTEGER}
  </update>
  <update id="updateByPrimaryKey" parameterType="com.juwen.ibc.pojo.ExamContentsAnswer">
    update exam_contents_answer
    set exam_question_bank_id = #{examQuestionBankId,jdbcType=INTEGER},
      answer_type = #{answerType,jdbcType=INTEGER},
      new_id = #{newId,jdbcType=VARCHAR},
      exam_question_bank_new_id = #{examQuestionBankNewId,jdbcType=VARCHAR}
    where id = #{id,jdbcType=INTEGER}
  </update>
</mapper>