<?xml version="1.0" encoding="UTF-8"?>
<!DOCTYPE mapper PUBLIC "-//mybatis.org//DTD Mapper 3.0//EN" "http://mybatis.org/dtd/mybatis-3-mapper.dtd">
<mapper namespace="com.juwen.ibc.dao.IExamOptionAnswerDAO">
  <resultMap id="BaseResultMap" type="com.juwen.ibc.pojo.ExamOptionAnswer">
    <id column="id" jdbcType="INTEGER" property="id" />
    <result column="exam_question_bank_id" jdbcType="INTEGER" property="examQuestionBankId" />
    <result column="exam_question_bank_options_id" jdbcType="INTEGER" property="examQuestionBankOptionsId" />
    <result column="exam_question_bank_new_id" jdbcType="VARCHAR" property="examQuestionBankNewId" />
    <result column="exam_question_bank_options_new_id" jdbcType="VARCHAR" property="examQuestionBankOptionsNewId" />
  </resultMap>
  <sql id="Base_Column_List">
    id, exam_question_bank_id, exam_question_bank_options_id, exam_question_bank_new_id, 
    exam_question_bank_options_new_id
  </sql>
  <select id="selectByPrimaryKey" parameterType="java.lang.Integer" resultMap="BaseResultMap">
    select 
    <include refid="Base_Column_List" />
    from exam_option_answer
    where id = #{id,jdbcType=INTEGER}
  </select>
  <delete id="deleteByPrimaryKey" parameterType="java.lang.Integer">
    delete from exam_option_answer
    where id = #{id,jdbcType=INTEGER}
  </delete>
  <insert id="insert" parameterType="com.juwen.ibc.pojo.ExamOptionAnswer">
    insert into exam_option_answer (id, exam_question_bank_id, exam_question_bank_options_id, 
      exam_question_bank_new_id, exam_question_bank_options_new_id
      )
    values (#{id,jdbcType=INTEGER}, #{examQuestionBankId,jdbcType=INTEGER}, #{examQuestionBankOptionsId,jdbcType=INTEGER}, 
      #{examQuestionBankNewId,jdbcType=VARCHAR}, #{examQuestionBankOptionsNewId,jdbcType=VARCHAR}
      )
  </insert>
  <insert id="insertSelective" parameterType="com.juwen.ibc.pojo.ExamOptionAnswer">
    insert into exam_option_answer
    <trim prefix="(" suffix=")" suffixOverrides=",">
      <if test="id != null">
        id,
      </if>
      <if test="examQuestionBankId != null">
        exam_question_bank_id,
      </if>
      <if test="examQuestionBankOptionsId != null">
        exam_question_bank_options_id,
      </if>
      <if test="examQuestionBankNewId != null">
        exam_question_bank_new_id,
      </if>
      <if test="examQuestionBankOptionsNewId != null">
        exam_question_bank_options_new_id,
      </if>
    </trim>
    <trim prefix="values (" suffix=")" suffixOverrides=",">
      <if test="id != null">
        #{id,jdbcType=INTEGER},
      </if>
      <if test="examQuestionBankId != null">
        #{examQuestionBankId,jdbcType=INTEGER},
      </if>
      <if test="examQuestionBankOptionsId != null">
        #{examQuestionBankOptionsId,jdbcType=INTEGER},
      </if>
      <if test="examQuestionBankNewId != null">
        #{examQuestionBankNewId,jdbcType=VARCHAR},
      </if>
      <if test="examQuestionBankOptionsNewId != null">
        #{examQuestionBankOptionsNewId,jdbcType=VARCHAR},
      </if>
    </trim>
  </insert>
  <update id="updateByPrimaryKeySelective" parameterType="com.juwen.ibc.pojo.ExamOptionAnswer">
    update exam_option_answer
    <set>
      <if test="examQuestionBankId != null">
        exam_question_bank_id = #{examQuestionBankId,jdbcType=INTEGER},
      </if>
      <if test="examQuestionBankOptionsId != null">
        exam_question_bank_options_id = #{examQuestionBankOptionsId,jdbcType=INTEGER},
      </if>
      <if test="examQuestionBankNewId != null">
        exam_question_bank_new_id = #{examQuestionBankNewId,jdbcType=VARCHAR},
      </if>
      <if test="examQuestionBankOptionsNewId != null">
        exam_question_bank_options_new_id = #{examQuestionBankOptionsNewId,jdbcType=VARCHAR},
      </if>
    </set>
    where id = #{id,jdbcType=INTEGER}
  </update>
  <update id="updateByPrimaryKey" parameterType="com.juwen.ibc.pojo.ExamOptionAnswer">
    update exam_option_answer
    set exam_question_bank_id = #{examQuestionBankId,jdbcType=INTEGER},
      exam_question_bank_options_id = #{examQuestionBankOptionsId,jdbcType=INTEGER},
      exam_question_bank_new_id = #{examQuestionBankNewId,jdbcType=VARCHAR},
      exam_question_bank_options_new_id = #{examQuestionBankOptionsNewId,jdbcType=VARCHAR}
    where id = #{id,jdbcType=INTEGER}
  </update>
</mapper>