<?xml version="1.0" encoding="UTF-8"?>
<!DOCTYPE mapper PUBLIC "-//mybatis.org//DTD Mapper 3.0//EN" "http://mybatis.org/dtd/mybatis-3-mapper.dtd">
<mapper namespace="com.juwen.ibc.dao.IExaminationObjectionDAO">
  <resultMap id="BaseResultMap" type="com.juwen.ibc.pojo.ExaminationObjection">
    <id column="id" jdbcType="INTEGER" property="id" />
    <result column="type" jdbcType="INTEGER" property="type" />
    <result column="objection_content" jdbcType="VARCHAR" property="objectionContent" />
    <result column="bussiness_id" jdbcType="INTEGER" property="bussinessId" />
    <result column="student_info_id" jdbcType="INTEGER" property="studentInfoId" />
    <result column="objection_status" jdbcType="INTEGER" property="objectionStatus" />
    <result column="system_message_id" jdbcType="INTEGER" property="systemMessageId" />
    <result column="create_at" jdbcType="TIMESTAMP" property="createAt" />
    <result column="status" jdbcType="INTEGER" property="status" />
    <result column="list_order" jdbcType="INTEGER" property="listOrder" />
    <result column="admin_id" jdbcType="INTEGER" property="adminId" />
    <result column="branch_id" jdbcType="INTEGER" property="branchId" />
  </resultMap>
  <sql id="Base_Column_List">
    id, type, objection_content, bussiness_id, student_info_id, objection_status, system_message_id, 
    create_at, status, list_order, admin_id, branch_id
  </sql>
  <select id="selectByPrimaryKey" parameterType="java.lang.Integer" resultMap="BaseResultMap">
    select 
    <include refid="Base_Column_List" />
    from examination_objection
    where id = #{id,jdbcType=INTEGER}
  </select>
  <delete id="deleteByPrimaryKey" parameterType="java.lang.Integer">
    delete from examination_objection
    where id = #{id,jdbcType=INTEGER}
  </delete>
  <insert id="insert" parameterType="com.juwen.ibc.pojo.ExaminationObjection">
    insert into examination_objection (id, type, objection_content, 
      bussiness_id, student_info_id, objection_status, 
      system_message_id, create_at, status, 
      list_order, admin_id, branch_id
      )
    values (#{id,jdbcType=INTEGER}, #{type,jdbcType=INTEGER}, #{objectionContent,jdbcType=VARCHAR}, 
      #{bussinessId,jdbcType=INTEGER}, #{studentInfoId,jdbcType=INTEGER}, #{objectionStatus,jdbcType=INTEGER}, 
      #{systemMessageId,jdbcType=INTEGER}, #{createAt,jdbcType=TIMESTAMP}, #{status,jdbcType=INTEGER}, 
      #{listOrder,jdbcType=INTEGER}, #{adminId,jdbcType=INTEGER}, #{branchId,jdbcType=INTEGER}
      )
  </insert>
  <insert id="insertSelective" parameterType="com.juwen.ibc.pojo.ExaminationObjection">
    insert into examination_objection
    <trim prefix="(" suffix=")" suffixOverrides=",">
      <if test="id != null">
        id,
      </if>
      <if test="type != null">
        type,
      </if>
      <if test="objectionContent != null">
        objection_content,
      </if>
      <if test="bussinessId != null">
        bussiness_id,
      </if>
      <if test="studentInfoId != null">
        student_info_id,
      </if>
      <if test="objectionStatus != null">
        objection_status,
      </if>
      <if test="systemMessageId != null">
        system_message_id,
      </if>
      <if test="createAt != null">
        create_at,
      </if>
      <if test="status != null">
        status,
      </if>
      <if test="listOrder != null">
        list_order,
      </if>
      <if test="adminId != null">
        admin_id,
      </if>
      <if test="branchId != null">
        branch_id,
      </if>
    </trim>
    <trim prefix="values (" suffix=")" suffixOverrides=",">
      <if test="id != null">
        #{id,jdbcType=INTEGER},
      </if>
      <if test="type != null">
        #{type,jdbcType=INTEGER},
      </if>
      <if test="objectionContent != null">
        #{objectionContent,jdbcType=VARCHAR},
      </if>
      <if test="bussinessId != null">
        #{bussinessId,jdbcType=INTEGER},
      </if>
      <if test="studentInfoId != null">
        #{studentInfoId,jdbcType=INTEGER},
      </if>
      <if test="objectionStatus != null">
        #{objectionStatus,jdbcType=INTEGER},
      </if>
      <if test="systemMessageId != null">
        #{systemMessageId,jdbcType=INTEGER},
      </if>
      <if test="createAt != null">
        #{createAt,jdbcType=TIMESTAMP},
      </if>
      <if test="status != null">
        #{status,jdbcType=INTEGER},
      </if>
      <if test="listOrder != null">
        #{listOrder,jdbcType=INTEGER},
      </if>
      <if test="adminId != null">
        #{adminId,jdbcType=INTEGER},
      </if>
      <if test="branchId != null">
        #{branchId,jdbcType=INTEGER},
      </if>
    </trim>
  </insert>
  <update id="updateByPrimaryKeySelective" parameterType="com.juwen.ibc.pojo.ExaminationObjection">
    update examination_objection
    <set>
      <if test="type != null">
        type = #{type,jdbcType=INTEGER},
      </if>
      <if test="objectionContent != null">
        objection_content = #{objectionContent,jdbcType=VARCHAR},
      </if>
      <if test="bussinessId != null">
        bussiness_id = #{bussinessId,jdbcType=INTEGER},
      </if>
      <if test="studentInfoId != null">
        student_info_id = #{studentInfoId,jdbcType=INTEGER},
      </if>
      <if test="objectionStatus != null">
        objection_status = #{objectionStatus,jdbcType=INTEGER},
      </if>
      <if test="systemMessageId != null">
        system_message_id = #{systemMessageId,jdbcType=INTEGER},
      </if>
      <if test="createAt != null">
        create_at = #{createAt,jdbcType=TIMESTAMP},
      </if>
      <if test="status != null">
        status = #{status,jdbcType=INTEGER},
      </if>
      <if test="listOrder != null">
        list_order = #{listOrder,jdbcType=INTEGER},
      </if>
      <if test="adminId != null">
        admin_id = #{adminId,jdbcType=INTEGER},
      </if>
      <if test="branchId != null">
        branch_id = #{branchId,jdbcType=INTEGER},
      </if>
    </set>
    where id = #{id,jdbcType=INTEGER}
  </update>
  <update id="updateByPrimaryKey" parameterType="com.juwen.ibc.pojo.ExaminationObjection">
    update examination_objection
    set type = #{type,jdbcType=INTEGER},
      objection_content = #{objectionContent,jdbcType=VARCHAR},
      bussiness_id = #{bussinessId,jdbcType=INTEGER},
      student_info_id = #{studentInfoId,jdbcType=INTEGER},
      objection_status = #{objectionStatus,jdbcType=INTEGER},
      system_message_id = #{systemMessageId,jdbcType=INTEGER},
      create_at = #{createAt,jdbcType=TIMESTAMP},
      status = #{status,jdbcType=INTEGER},
      list_order = #{listOrder,jdbcType=INTEGER},
      admin_id = #{adminId,jdbcType=INTEGER},
      branch_id = #{branchId,jdbcType=INTEGER}
    where id = #{id,jdbcType=INTEGER}
  </update>
</mapper>