<?xml version="1.0" encoding="UTF-8"?>
<!DOCTYPE mapper PUBLIC "-//mybatis.org//DTD Mapper 3.0//EN" "http://mybatis.org/dtd/mybatis-3-mapper.dtd">
<mapper namespace="com.juwen.ibc.dao.IExamQuestionBankTypeDAO">
  <resultMap id="BaseResultMap" type="com.juwen.ibc.pojo.ExamQuestionBankType">
    <id column="id" jdbcType="INTEGER" property="id" />
    <result column="name" jdbcType="VARCHAR" property="name" />
    <result column="type" jdbcType="INTEGER" property="type" />
    <result column="descriptions" jdbcType="VARCHAR" property="descriptions" />
    <result column="list_order" jdbcType="INTEGER" property="listOrder" />
    <result column="create_at" jdbcType="TIMESTAMP" property="createAt" />
    <result column="status" jdbcType="INTEGER" property="status" />
  </resultMap>
  <sql id="Base_Column_List">
    id, name, type, descriptions, list_order, create_at, status
  </sql>
  <select id="selectByPrimaryKey" parameterType="java.lang.Integer" resultMap="BaseResultMap">
    select 
    <include refid="Base_Column_List" />
    from exam_question_bank_type
    where id = #{id,jdbcType=INTEGER}
  </select>
  <delete id="deleteByPrimaryKey" parameterType="java.lang.Integer">
    delete from exam_question_bank_type
    where id = #{id,jdbcType=INTEGER}
  </delete>
  <insert id="insert" parameterType="com.juwen.ibc.pojo.ExamQuestionBankType">
    insert into exam_question_bank_type (id, name, type, 
      descriptions, list_order, create_at, 
      status)
    values (#{id,jdbcType=INTEGER}, #{name,jdbcType=VARCHAR}, #{type,jdbcType=INTEGER}, 
      #{descriptions,jdbcType=VARCHAR}, #{listOrder,jdbcType=INTEGER}, #{createAt,jdbcType=TIMESTAMP}, 
      #{status,jdbcType=INTEGER})
  </insert>
  <insert id="insertSelective" parameterType="com.juwen.ibc.pojo.ExamQuestionBankType">
    insert into exam_question_bank_type
    <trim prefix="(" suffix=")" suffixOverrides=",">
      <if test="id != null">
        id,
      </if>
      <if test="name != null">
        name,
      </if>
      <if test="type != null">
        type,
      </if>
      <if test="descriptions != null">
        descriptions,
      </if>
      <if test="listOrder != null">
        list_order,
      </if>
      <if test="createAt != null">
        create_at,
      </if>
      <if test="status != null">
        status,
      </if>
    </trim>
    <trim prefix="values (" suffix=")" suffixOverrides=",">
      <if test="id != null">
        #{id,jdbcType=INTEGER},
      </if>
      <if test="name != null">
        #{name,jdbcType=VARCHAR},
      </if>
      <if test="type != null">
        #{type,jdbcType=INTEGER},
      </if>
      <if test="descriptions != null">
        #{descriptions,jdbcType=VARCHAR},
      </if>
      <if test="listOrder != null">
        #{listOrder,jdbcType=INTEGER},
      </if>
      <if test="createAt != null">
        #{createAt,jdbcType=TIMESTAMP},
      </if>
      <if test="status != null">
        #{status,jdbcType=INTEGER},
      </if>
    </trim>
  </insert>
  <update id="updateByPrimaryKeySelective" parameterType="com.juwen.ibc.pojo.ExamQuestionBankType">
    update exam_question_bank_type
    <set>
      <if test="name != null">
        name = #{name,jdbcType=VARCHAR},
      </if>
      <if test="type != null">
        type = #{type,jdbcType=INTEGER},
      </if>
      <if test="descriptions != null">
        descriptions = #{descriptions,jdbcType=VARCHAR},
      </if>
      <if test="listOrder != null">
        list_order = #{listOrder,jdbcType=INTEGER},
      </if>
      <if test="createAt != null">
        create_at = #{createAt,jdbcType=TIMESTAMP},
      </if>
      <if test="status != null">
        status = #{status,jdbcType=INTEGER},
      </if>
    </set>
    where id = #{id,jdbcType=INTEGER}
  </update>
  <update id="updateByPrimaryKey" parameterType="com.juwen.ibc.pojo.ExamQuestionBankType">
    update exam_question_bank_type
    set name = #{name,jdbcType=VARCHAR},
      type = #{type,jdbcType=INTEGER},
      descriptions = #{descriptions,jdbcType=VARCHAR},
      list_order = #{listOrder,jdbcType=INTEGER},
      create_at = #{createAt,jdbcType=TIMESTAMP},
      status = #{status,jdbcType=INTEGER}
    where id = #{id,jdbcType=INTEGER}
  </update>
</mapper>