<?xml version="1.0" encoding="UTF-8"?>
<!DOCTYPE mapper PUBLIC "-//mybatis.org//DTD Mapper 3.0//EN" "http://mybatis.org/dtd/mybatis-3-mapper.dtd">
<mapper namespace="com.juwen.ibc.dao.IExamQuestionBankDAO">
  <resultMap id="BaseResultMap" type="com.juwen.ibc.pojo.ExamQuestionBank">
    <id column="id" jdbcType="INTEGER" property="id" />
    <result column="parent_id" jdbcType="INTEGER" property="parentId" />
    <result column="exam_question_bank_type_id" jdbcType="INTEGER" property="examQuestionBankTypeId" />
    <result column="difficulty_id" jdbcType="INTEGER" property="difficultyId" />
    <result column="author" jdbcType="VARCHAR" property="author" />
    <result column="list_order" jdbcType="INTEGER" property="listOrder" />
    <result column="create_at" jdbcType="TIMESTAMP" property="createAt" />
    <result column="status" jdbcType="INTEGER" property="status" />
    <result column="new_id" jdbcType="VARCHAR" property="newId" />
    <result column="parent_new_id" jdbcType="VARCHAR" property="parentNewId" />
  </resultMap>
  <resultMap extends="BaseResultMap" id="ResultMapWithBLOBs" type="com.juwen.ibc.pojo.ExamQuestionBankWithBLOBs">
    <result column="contents" jdbcType="LONGVARCHAR" property="contents" />
    <result column="descriptions" jdbcType="LONGVARCHAR" property="descriptions" />
  </resultMap>
  <sql id="Base_Column_List">
    id, parent_id, exam_question_bank_type_id, difficulty_id, author, list_order, create_at, 
    status, new_id, parent_new_id
  </sql>
  <sql id="Blob_Column_List">
    contents, descriptions
  </sql>
  <select id="selectByPrimaryKey" parameterType="java.lang.Integer" resultMap="ResultMapWithBLOBs">
    select 
    <include refid="Base_Column_List" />
    ,
    <include refid="Blob_Column_List" />
    from exam_question_bank
    where id = #{id,jdbcType=INTEGER}
  </select>
  <delete id="deleteByPrimaryKey" parameterType="java.lang.Integer">
    delete from exam_question_bank
    where id = #{id,jdbcType=INTEGER}
  </delete>
  <insert id="insert" parameterType="com.juwen.ibc.pojo.ExamQuestionBankWithBLOBs">
    insert into exam_question_bank (id, parent_id, exam_question_bank_type_id, 
      difficulty_id, author, list_order, 
      create_at, status, new_id, 
      parent_new_id, contents, descriptions
      )
    values (#{id,jdbcType=INTEGER}, #{parentId,jdbcType=INTEGER}, #{examQuestionBankTypeId,jdbcType=INTEGER}, 
      #{difficultyId,jdbcType=INTEGER}, #{author,jdbcType=VARCHAR}, #{listOrder,jdbcType=INTEGER}, 
      #{createAt,jdbcType=TIMESTAMP}, #{status,jdbcType=INTEGER}, #{newId,jdbcType=VARCHAR}, 
      #{parentNewId,jdbcType=VARCHAR}, #{contents,jdbcType=LONGVARCHAR}, #{descriptions,jdbcType=LONGVARCHAR}
      )
  </insert>
  <insert id="insertSelective" parameterType="com.juwen.ibc.pojo.ExamQuestionBankWithBLOBs">
    insert into exam_question_bank
    <trim prefix="(" suffix=")" suffixOverrides=",">
      <if test="id != null">
        id,
      </if>
      <if test="parentId != null">
        parent_id,
      </if>
      <if test="examQuestionBankTypeId != null">
        exam_question_bank_type_id,
      </if>
      <if test="difficultyId != null">
        difficulty_id,
      </if>
      <if test="author != null">
        author,
      </if>
      <if test="listOrder != null">
        list_order,
      </if>
      <if test="createAt != null">
        create_at,
      </if>
      <if test="status != null">
        status,
      </if>
      <if test="newId != null">
        new_id,
      </if>
      <if test="parentNewId != null">
        parent_new_id,
      </if>
      <if test="contents != null">
        contents,
      </if>
      <if test="descriptions != null">
        descriptions,
      </if>
    </trim>
    <trim prefix="values (" suffix=")" suffixOverrides=",">
      <if test="id != null">
        #{id,jdbcType=INTEGER},
      </if>
      <if test="parentId != null">
        #{parentId,jdbcType=INTEGER},
      </if>
      <if test="examQuestionBankTypeId != null">
        #{examQuestionBankTypeId,jdbcType=INTEGER},
      </if>
      <if test="difficultyId != null">
        #{difficultyId,jdbcType=INTEGER},
      </if>
      <if test="author != null">
        #{author,jdbcType=VARCHAR},
      </if>
      <if test="listOrder != null">
        #{listOrder,jdbcType=INTEGER},
      </if>
      <if test="createAt != null">
        #{createAt,jdbcType=TIMESTAMP},
      </if>
      <if test="status != null">
        #{status,jdbcType=INTEGER},
      </if>
      <if test="newId != null">
        #{newId,jdbcType=VARCHAR},
      </if>
      <if test="parentNewId != null">
        #{parentNewId,jdbcType=VARCHAR},
      </if>
      <if test="contents != null">
        #{contents,jdbcType=LONGVARCHAR},
      </if>
      <if test="descriptions != null">
        #{descriptions,jdbcType=LONGVARCHAR},
      </if>
    </trim>
  </insert>
  <update id="updateByPrimaryKeySelective" parameterType="com.juwen.ibc.pojo.ExamQuestionBankWithBLOBs">
    update exam_question_bank
    <set>
      <if test="parentId != null">
        parent_id = #{parentId,jdbcType=INTEGER},
      </if>
      <if test="examQuestionBankTypeId != null">
        exam_question_bank_type_id = #{examQuestionBankTypeId,jdbcType=INTEGER},
      </if>
      <if test="difficultyId != null">
        difficulty_id = #{difficultyId,jdbcType=INTEGER},
      </if>
      <if test="author != null">
        author = #{author,jdbcType=VARCHAR},
      </if>
      <if test="listOrder != null">
        list_order = #{listOrder,jdbcType=INTEGER},
      </if>
      <if test="createAt != null">
        create_at = #{createAt,jdbcType=TIMESTAMP},
      </if>
      <if test="status != null">
        status = #{status,jdbcType=INTEGER},
      </if>
      <if test="newId != null">
        new_id = #{newId,jdbcType=VARCHAR},
      </if>
      <if test="parentNewId != null">
        parent_new_id = #{parentNewId,jdbcType=VARCHAR},
      </if>
      <if test="contents != null">
        contents = #{contents,jdbcType=LONGVARCHAR},
      </if>
      <if test="descriptions != null">
        descriptions = #{descriptions,jdbcType=LONGVARCHAR},
      </if>
    </set>
    where id = #{id,jdbcType=INTEGER}
  </update>
  <update id="updateByPrimaryKeyWithBLOBs" parameterType="com.juwen.ibc.pojo.ExamQuestionBankWithBLOBs">
    update exam_question_bank
    set parent_id = #{parentId,jdbcType=INTEGER},
      exam_question_bank_type_id = #{examQuestionBankTypeId,jdbcType=INTEGER},
      difficulty_id = #{difficultyId,jdbcType=INTEGER},
      author = #{author,jdbcType=VARCHAR},
      list_order = #{listOrder,jdbcType=INTEGER},
      create_at = #{createAt,jdbcType=TIMESTAMP},
      status = #{status,jdbcType=INTEGER},
      new_id = #{newId,jdbcType=VARCHAR},
      parent_new_id = #{parentNewId,jdbcType=VARCHAR},
      contents = #{contents,jdbcType=LONGVARCHAR},
      descriptions = #{descriptions,jdbcType=LONGVARCHAR}
    where id = #{id,jdbcType=INTEGER}
  </update>
  <update id="updateByPrimaryKey" parameterType="com.juwen.ibc.pojo.ExamQuestionBank">
    update exam_question_bank
    set parent_id = #{parentId,jdbcType=INTEGER},
      exam_question_bank_type_id = #{examQuestionBankTypeId,jdbcType=INTEGER},
      difficulty_id = #{difficultyId,jdbcType=INTEGER},
      author = #{author,jdbcType=VARCHAR},
      list_order = #{listOrder,jdbcType=INTEGER},
      create_at = #{createAt,jdbcType=TIMESTAMP},
      status = #{status,jdbcType=INTEGER},
      new_id = #{newId,jdbcType=VARCHAR},
      parent_new_id = #{parentNewId,jdbcType=VARCHAR}
    where id = #{id,jdbcType=INTEGER}
  </update>
</mapper>