<?xml version="1.0" encoding="UTF-8"?>
<!DOCTYPE mapper PUBLIC "-//mybatis.org//DTD Mapper 3.0//EN" "http://mybatis.org/dtd/mybatis-3-mapper.dtd">
<mapper namespace="com.juwen.ibc.dao.IExamPaperInfoProfessionDAO">
  <resultMap id="BaseResultMap" type="com.juwen.ibc.pojo.ExamPaperInfoProfession">
    <id column="id" jdbcType="INTEGER" property="id" />
    <result column="exam_paper_info_id" jdbcType="INTEGER" property="examPaperInfoId" />
    <result column="profession_id" jdbcType="INTEGER" property="professionId" />
    <result column="exam_paper_info_new_id" jdbcType="VARCHAR" property="examPaperInfoNewId" />
    <result column="profession_new_id" jdbcType="VARCHAR" property="professionNewId" />
  </resultMap>
  <sql id="Base_Column_List">
    id, exam_paper_info_id, profession_id, exam_paper_info_new_id, profession_new_id
  </sql>
  <select id="selectByPrimaryKey" parameterType="java.lang.Integer" resultMap="BaseResultMap">
    select 
    <include refid="Base_Column_List" />
    from exam_paper_info_profession
    where id = #{id,jdbcType=INTEGER}
  </select>
  <delete id="deleteByPrimaryKey" parameterType="java.lang.Integer">
    delete from exam_paper_info_profession
    where id = #{id,jdbcType=INTEGER}
  </delete>
  <insert id="insert" parameterType="com.juwen.ibc.pojo.ExamPaperInfoProfession">
    insert into exam_paper_info_profession (id, exam_paper_info_id, profession_id, 
      exam_paper_info_new_id, profession_new_id)
    values (#{id,jdbcType=INTEGER}, #{examPaperInfoId,jdbcType=INTEGER}, #{professionId,jdbcType=INTEGER}, 
      #{examPaperInfoNewId,jdbcType=VARCHAR}, #{professionNewId,jdbcType=VARCHAR})
  </insert>
  <insert id="insertSelective" parameterType="com.juwen.ibc.pojo.ExamPaperInfoProfession">
    insert into exam_paper_info_profession
    <trim prefix="(" suffix=")" suffixOverrides=",">
      <if test="id != null">
        id,
      </if>
      <if test="examPaperInfoId != null">
        exam_paper_info_id,
      </if>
      <if test="professionId != null">
        profession_id,
      </if>
      <if test="examPaperInfoNewId != null">
        exam_paper_info_new_id,
      </if>
      <if test="professionNewId != null">
        profession_new_id,
      </if>
    </trim>
    <trim prefix="values (" suffix=")" suffixOverrides=",">
      <if test="id != null">
        #{id,jdbcType=INTEGER},
      </if>
      <if test="examPaperInfoId != null">
        #{examPaperInfoId,jdbcType=INTEGER},
      </if>
      <if test="professionId != null">
        #{professionId,jdbcType=INTEGER},
      </if>
      <if test="examPaperInfoNewId != null">
        #{examPaperInfoNewId,jdbcType=VARCHAR},
      </if>
      <if test="professionNewId != null">
        #{professionNewId,jdbcType=VARCHAR},
      </if>
    </trim>
  </insert>
  <update id="updateByPrimaryKeySelective" parameterType="com.juwen.ibc.pojo.ExamPaperInfoProfession">
    update exam_paper_info_profession
    <set>
      <if test="examPaperInfoId != null">
        exam_paper_info_id = #{examPaperInfoId,jdbcType=INTEGER},
      </if>
      <if test="professionId != null">
        profession_id = #{professionId,jdbcType=INTEGER},
      </if>
      <if test="examPaperInfoNewId != null">
        exam_paper_info_new_id = #{examPaperInfoNewId,jdbcType=VARCHAR},
      </if>
      <if test="professionNewId != null">
        profession_new_id = #{professionNewId,jdbcType=VARCHAR},
      </if>
    </set>
    where id = #{id,jdbcType=INTEGER}
  </update>
  <update id="updateByPrimaryKey" parameterType="com.juwen.ibc.pojo.ExamPaperInfoProfession">
    update exam_paper_info_profession
    set exam_paper_info_id = #{examPaperInfoId,jdbcType=INTEGER},
      profession_id = #{professionId,jdbcType=INTEGER},
      exam_paper_info_new_id = #{examPaperInfoNewId,jdbcType=VARCHAR},
      profession_new_id = #{professionNewId,jdbcType=VARCHAR}
    where id = #{id,jdbcType=INTEGER}
  </update>
</mapper>