<?xml version="1.0" encoding="UTF-8"?>
<!DOCTYPE mapper PUBLIC "-//mybatis.org//DTD Mapper 3.0//EN" "http://mybatis.org/dtd/mybatis-3-mapper.dtd">
<mapper namespace="com.juwen.ibc.dao.IExamLoreExercisesItemDetailDAO">
  <resultMap id="BaseResultMap" type="com.juwen.ibc.pojo.ExamLoreExercisesItemDetail">
    <id column="id" jdbcType="INTEGER" property="id" />
    <result column="exam_lore_exercises_item_id" jdbcType="INTEGER" property="examLoreExercisesItemId" />
    <result column="list_order" jdbcType="INTEGER" property="listOrder" />
    <result column="create_at" jdbcType="TIMESTAMP" property="createAt" />
    <result column="updated_at" jdbcType="TIMESTAMP" property="updatedAt" />
    <result column="score" jdbcType="REAL" property="score" />
    <result column="new_id" jdbcType="VARCHAR" property="newId" />
    <result column="exam_lore_exercises_item_new_id" jdbcType="VARCHAR" property="examLoreExercisesItemNewId" />
  </resultMap>
  <resultMap extends="BaseResultMap" id="ResultMapWithBLOBs" type="com.juwen.ibc.pojo.ExamLoreExercisesItemDetailWithBLOBs">
    <result column="title" jdbcType="LONGVARCHAR" property="title" />
    <result column="contents" jdbcType="LONGVARCHAR" property="contents" />
    <result column="analysis" jdbcType="LONGVARCHAR" property="analysis" />
    <result column="question" jdbcType="LONGVARCHAR" property="question" />
    <result column="answer" jdbcType="LONGVARCHAR" property="answer" />
  </resultMap>
  <sql id="Base_Column_List">
    id, exam_lore_exercises_item_id, list_order, create_at, updated_at, score, new_id, 
    exam_lore_exercises_item_new_id
  </sql>
  <sql id="Blob_Column_List">
    title, contents, analysis, question, answer
  </sql>
  <select id="selectByPrimaryKey" parameterType="java.lang.Integer" resultMap="ResultMapWithBLOBs">
    select 
    <include refid="Base_Column_List" />
    ,
    <include refid="Blob_Column_List" />
    from exam_lore_exercises_item_detail
    where id = #{id,jdbcType=INTEGER}
  </select>
  <delete id="deleteByPrimaryKey" parameterType="java.lang.Integer">
    delete from exam_lore_exercises_item_detail
    where id = #{id,jdbcType=INTEGER}
  </delete>
  <insert id="insert" parameterType="com.juwen.ibc.pojo.ExamLoreExercisesItemDetailWithBLOBs">
    insert into exam_lore_exercises_item_detail (id, exam_lore_exercises_item_id, list_order, 
      create_at, updated_at, score, 
      new_id, exam_lore_exercises_item_new_id, title, 
      contents, analysis, question, 
      answer)
    values (#{id,jdbcType=INTEGER}, #{examLoreExercisesItemId,jdbcType=INTEGER}, #{listOrder,jdbcType=INTEGER}, 
      #{createAt,jdbcType=TIMESTAMP}, #{updatedAt,jdbcType=TIMESTAMP}, #{score,jdbcType=REAL}, 
      #{newId,jdbcType=VARCHAR}, #{examLoreExercisesItemNewId,jdbcType=VARCHAR}, #{title,jdbcType=LONGVARCHAR}, 
      #{contents,jdbcType=LONGVARCHAR}, #{analysis,jdbcType=LONGVARCHAR}, #{question,jdbcType=LONGVARCHAR}, 
      #{answer,jdbcType=LONGVARCHAR})
  </insert>
  <insert id="insertSelective" parameterType="com.juwen.ibc.pojo.ExamLoreExercisesItemDetailWithBLOBs">
    insert into exam_lore_exercises_item_detail
    <trim prefix="(" suffix=")" suffixOverrides=",">
      <if test="id != null">
        id,
      </if>
      <if test="examLoreExercisesItemId != null">
        exam_lore_exercises_item_id,
      </if>
      <if test="listOrder != null">
        list_order,
      </if>
      <if test="createAt != null">
        create_at,
      </if>
      <if test="updatedAt != null">
        updated_at,
      </if>
      <if test="score != null">
        score,
      </if>
      <if test="newId != null">
        new_id,
      </if>
      <if test="examLoreExercisesItemNewId != null">
        exam_lore_exercises_item_new_id,
      </if>
      <if test="title != null">
        title,
      </if>
      <if test="contents != null">
        contents,
      </if>
      <if test="analysis != null">
        analysis,
      </if>
      <if test="question != null">
        question,
      </if>
      <if test="answer != null">
        answer,
      </if>
    </trim>
    <trim prefix="values (" suffix=")" suffixOverrides=",">
      <if test="id != null">
        #{id,jdbcType=INTEGER},
      </if>
      <if test="examLoreExercisesItemId != null">
        #{examLoreExercisesItemId,jdbcType=INTEGER},
      </if>
      <if test="listOrder != null">
        #{listOrder,jdbcType=INTEGER},
      </if>
      <if test="createAt != null">
        #{createAt,jdbcType=TIMESTAMP},
      </if>
      <if test="updatedAt != null">
        #{updatedAt,jdbcType=TIMESTAMP},
      </if>
      <if test="score != null">
        #{score,jdbcType=REAL},
      </if>
      <if test="newId != null">
        #{newId,jdbcType=VARCHAR},
      </if>
      <if test="examLoreExercisesItemNewId != null">
        #{examLoreExercisesItemNewId,jdbcType=VARCHAR},
      </if>
      <if test="title != null">
        #{title,jdbcType=LONGVARCHAR},
      </if>
      <if test="contents != null">
        #{contents,jdbcType=LONGVARCHAR},
      </if>
      <if test="analysis != null">
        #{analysis,jdbcType=LONGVARCHAR},
      </if>
      <if test="question != null">
        #{question,jdbcType=LONGVARCHAR},
      </if>
      <if test="answer != null">
        #{answer,jdbcType=LONGVARCHAR},
      </if>
    </trim>
  </insert>
  <update id="updateByPrimaryKeySelective" parameterType="com.juwen.ibc.pojo.ExamLoreExercisesItemDetailWithBLOBs">
    update exam_lore_exercises_item_detail
    <set>
      <if test="examLoreExercisesItemId != null">
        exam_lore_exercises_item_id = #{examLoreExercisesItemId,jdbcType=INTEGER},
      </if>
      <if test="listOrder != null">
        list_order = #{listOrder,jdbcType=INTEGER},
      </if>
      <if test="createAt != null">
        create_at = #{createAt,jdbcType=TIMESTAMP},
      </if>
      <if test="updatedAt != null">
        updated_at = #{updatedAt,jdbcType=TIMESTAMP},
      </if>
      <if test="score != null">
        score = #{score,jdbcType=REAL},
      </if>
      <if test="newId != null">
        new_id = #{newId,jdbcType=VARCHAR},
      </if>
      <if test="examLoreExercisesItemNewId != null">
        exam_lore_exercises_item_new_id = #{examLoreExercisesItemNewId,jdbcType=VARCHAR},
      </if>
      <if test="title != null">
        title = #{title,jdbcType=LONGVARCHAR},
      </if>
      <if test="contents != null">
        contents = #{contents,jdbcType=LONGVARCHAR},
      </if>
      <if test="analysis != null">
        analysis = #{analysis,jdbcType=LONGVARCHAR},
      </if>
      <if test="question != null">
        question = #{question,jdbcType=LONGVARCHAR},
      </if>
      <if test="answer != null">
        answer = #{answer,jdbcType=LONGVARCHAR},
      </if>
    </set>
    where id = #{id,jdbcType=INTEGER}
  </update>
  <update id="updateByPrimaryKeyWithBLOBs" parameterType="com.juwen.ibc.pojo.ExamLoreExercisesItemDetailWithBLOBs">
    update exam_lore_exercises_item_detail
    set exam_lore_exercises_item_id = #{examLoreExercisesItemId,jdbcType=INTEGER},
      list_order = #{listOrder,jdbcType=INTEGER},
      create_at = #{createAt,jdbcType=TIMESTAMP},
      updated_at = #{updatedAt,jdbcType=TIMESTAMP},
      score = #{score,jdbcType=REAL},
      new_id = #{newId,jdbcType=VARCHAR},
      exam_lore_exercises_item_new_id = #{examLoreExercisesItemNewId,jdbcType=VARCHAR},
      title = #{title,jdbcType=LONGVARCHAR},
      contents = #{contents,jdbcType=LONGVARCHAR},
      analysis = #{analysis,jdbcType=LONGVARCHAR},
      question = #{question,jdbcType=LONGVARCHAR},
      answer = #{answer,jdbcType=LONGVARCHAR}
    where id = #{id,jdbcType=INTEGER}
  </update>
  <update id="updateByPrimaryKey" parameterType="com.juwen.ibc.pojo.ExamLoreExercisesItemDetail">
    update exam_lore_exercises_item_detail
    set exam_lore_exercises_item_id = #{examLoreExercisesItemId,jdbcType=INTEGER},
      list_order = #{listOrder,jdbcType=INTEGER},
      create_at = #{createAt,jdbcType=TIMESTAMP},
      updated_at = #{updatedAt,jdbcType=TIMESTAMP},
      score = #{score,jdbcType=REAL},
      new_id = #{newId,jdbcType=VARCHAR},
      exam_lore_exercises_item_new_id = #{examLoreExercisesItemNewId,jdbcType=VARCHAR}
    where id = #{id,jdbcType=INTEGER}
  </update>
</mapper>