<?xml version="1.0" encoding="UTF-8"?>
<!DOCTYPE mapper PUBLIC "-//mybatis.org//DTD Mapper 3.0//EN" "http://mybatis.org/dtd/mybatis-3-mapper.dtd">
<mapper namespace="com.juwen.ibc.dao.IExamPaperInfoQuestionTypeDAO">
  <resultMap id="BaseResultMap" type="com.juwen.ibc.pojo.ExamPaperInfoQuestionType">
    <id column="id" jdbcType="INTEGER" property="id" />
    <result column="exam_question_bank_type_id" jdbcType="INTEGER" property="examQuestionBankTypeId" />
    <result column="exam_paper_info_id" jdbcType="INTEGER" property="examPaperInfoId" />
    <result column="name" jdbcType="VARCHAR" property="name" />
    <result column="score" jdbcType="INTEGER" property="score" />
    <result column="status" jdbcType="INTEGER" property="status" />
    <result column="list_order" jdbcType="INTEGER" property="listOrder" />
    <result column="create_at" jdbcType="TIMESTAMP" property="createAt" />
    <result column="new_id" jdbcType="VARCHAR" property="newId" />
    <result column="exam_paper_info_new_id" jdbcType="VARCHAR" property="examPaperInfoNewId" />
  </resultMap>
  <sql id="Base_Column_List">
    id, exam_question_bank_type_id, exam_paper_info_id, name, score, status, list_order, 
    create_at, new_id, exam_paper_info_new_id
  </sql>
  <select id="selectByPrimaryKey" parameterType="java.lang.Integer" resultMap="BaseResultMap">
    select 
    <include refid="Base_Column_List" />
    from exam_paper_info_question_type
    where id = #{id,jdbcType=INTEGER}
  </select>
  <delete id="deleteByPrimaryKey" parameterType="java.lang.Integer">
    delete from exam_paper_info_question_type
    where id = #{id,jdbcType=INTEGER}
  </delete>
  <insert id="insert" parameterType="com.juwen.ibc.pojo.ExamPaperInfoQuestionType">
    insert into exam_paper_info_question_type (id, exam_question_bank_type_id, exam_paper_info_id, 
      name, score, status, 
      list_order, create_at, new_id, 
      exam_paper_info_new_id)
    values (#{id,jdbcType=INTEGER}, #{examQuestionBankTypeId,jdbcType=INTEGER}, #{examPaperInfoId,jdbcType=INTEGER}, 
      #{name,jdbcType=VARCHAR}, #{score,jdbcType=INTEGER}, #{status,jdbcType=INTEGER}, 
      #{listOrder,jdbcType=INTEGER}, #{createAt,jdbcType=TIMESTAMP}, #{newId,jdbcType=VARCHAR}, 
      #{examPaperInfoNewId,jdbcType=VARCHAR})
  </insert>
  <insert id="insertSelective" parameterType="com.juwen.ibc.pojo.ExamPaperInfoQuestionType">
    insert into exam_paper_info_question_type
    <trim prefix="(" suffix=")" suffixOverrides=",">
      <if test="id != null">
        id,
      </if>
      <if test="examQuestionBankTypeId != null">
        exam_question_bank_type_id,
      </if>
      <if test="examPaperInfoId != null">
        exam_paper_info_id,
      </if>
      <if test="name != null">
        name,
      </if>
      <if test="score != null">
        score,
      </if>
      <if test="status != null">
        status,
      </if>
      <if test="listOrder != null">
        list_order,
      </if>
      <if test="createAt != null">
        create_at,
      </if>
      <if test="newId != null">
        new_id,
      </if>
      <if test="examPaperInfoNewId != null">
        exam_paper_info_new_id,
      </if>
    </trim>
    <trim prefix="values (" suffix=")" suffixOverrides=",">
      <if test="id != null">
        #{id,jdbcType=INTEGER},
      </if>
      <if test="examQuestionBankTypeId != null">
        #{examQuestionBankTypeId,jdbcType=INTEGER},
      </if>
      <if test="examPaperInfoId != null">
        #{examPaperInfoId,jdbcType=INTEGER},
      </if>
      <if test="name != null">
        #{name,jdbcType=VARCHAR},
      </if>
      <if test="score != null">
        #{score,jdbcType=INTEGER},
      </if>
      <if test="status != null">
        #{status,jdbcType=INTEGER},
      </if>
      <if test="listOrder != null">
        #{listOrder,jdbcType=INTEGER},
      </if>
      <if test="createAt != null">
        #{createAt,jdbcType=TIMESTAMP},
      </if>
      <if test="newId != null">
        #{newId,jdbcType=VARCHAR},
      </if>
      <if test="examPaperInfoNewId != null">
        #{examPaperInfoNewId,jdbcType=VARCHAR},
      </if>
    </trim>
  </insert>
  <update id="updateByPrimaryKeySelective" parameterType="com.juwen.ibc.pojo.ExamPaperInfoQuestionType">
    update exam_paper_info_question_type
    <set>
      <if test="examQuestionBankTypeId != null">
        exam_question_bank_type_id = #{examQuestionBankTypeId,jdbcType=INTEGER},
      </if>
      <if test="examPaperInfoId != null">
        exam_paper_info_id = #{examPaperInfoId,jdbcType=INTEGER},
      </if>
      <if test="name != null">
        name = #{name,jdbcType=VARCHAR},
      </if>
      <if test="score != null">
        score = #{score,jdbcType=INTEGER},
      </if>
      <if test="status != null">
        status = #{status,jdbcType=INTEGER},
      </if>
      <if test="listOrder != null">
        list_order = #{listOrder,jdbcType=INTEGER},
      </if>
      <if test="createAt != null">
        create_at = #{createAt,jdbcType=TIMESTAMP},
      </if>
      <if test="newId != null">
        new_id = #{newId,jdbcType=VARCHAR},
      </if>
      <if test="examPaperInfoNewId != null">
        exam_paper_info_new_id = #{examPaperInfoNewId,jdbcType=VARCHAR},
      </if>
    </set>
    where id = #{id,jdbcType=INTEGER}
  </update>
  <update id="updateByPrimaryKey" parameterType="com.juwen.ibc.pojo.ExamPaperInfoQuestionType">
    update exam_paper_info_question_type
    set exam_question_bank_type_id = #{examQuestionBankTypeId,jdbcType=INTEGER},
      exam_paper_info_id = #{examPaperInfoId,jdbcType=INTEGER},
      name = #{name,jdbcType=VARCHAR},
      score = #{score,jdbcType=INTEGER},
      status = #{status,jdbcType=INTEGER},
      list_order = #{listOrder,jdbcType=INTEGER},
      create_at = #{createAt,jdbcType=TIMESTAMP},
      new_id = #{newId,jdbcType=VARCHAR},
      exam_paper_info_new_id = #{examPaperInfoNewId,jdbcType=VARCHAR}
    where id = #{id,jdbcType=INTEGER}
  </update>
</mapper>