<?xml version="1.0" encoding="UTF-8"?>
<!DOCTYPE mapper PUBLIC "-//mybatis.org//DTD Mapper 3.0//EN" "http://mybatis.org/dtd/mybatis-3-mapper.dtd">
<mapper namespace="com.juwen.ibc.dao.IFunctionsDAO">
  <resultMap id="BaseResultMap" type="com.juwen.ibc.pojo.Functions">
    <id column="id" jdbcType="INTEGER" property="id" />
    <result column="name" jdbcType="VARCHAR" property="name" />
    <result column="parent_id" jdbcType="INTEGER" property="parentId" />
    <result column="url" jdbcType="VARCHAR" property="url" />
    <result column="type" jdbcType="INTEGER" property="type" />
    <result column="status" jdbcType="INTEGER" property="status" />
    <result column="list_order" jdbcType="INTEGER" property="listOrder" />
    <result column="remarks" jdbcType="VARCHAR" property="remarks" />
    <result column="create_at" jdbcType="TIMESTAMP" property="createAt" />
    <result column="created_man" jdbcType="VARCHAR" property="createdMan" />
    <result column="updated_at" jdbcType="TIMESTAMP" property="updatedAt" />
    <result column="updated_man" jdbcType="VARCHAR" property="updatedMan" />
  </resultMap>
  <sql id="Base_Column_List">
    id, name, parent_id, url, type, status, list_order, remarks, create_at, created_man, 
    updated_at, updated_man
  </sql>
  <select id="selectByPrimaryKey" parameterType="java.lang.Integer" resultMap="BaseResultMap">
    select 
    <include refid="Base_Column_List" />
    from functions
    where id = #{id,jdbcType=INTEGER}
  </select>
  <delete id="deleteByPrimaryKey" parameterType="java.lang.Integer">
    delete from functions
    where id = #{id,jdbcType=INTEGER}
  </delete>
  <insert id="insert" parameterType="com.juwen.ibc.pojo.Functions">
    insert into functions (id, name, parent_id, 
      url, type, status, 
      list_order, remarks, create_at, 
      created_man, updated_at, updated_man
      )
    values (#{id,jdbcType=INTEGER}, #{name,jdbcType=VARCHAR}, #{parentId,jdbcType=INTEGER}, 
      #{url,jdbcType=VARCHAR}, #{type,jdbcType=INTEGER}, #{status,jdbcType=INTEGER}, 
      #{listOrder,jdbcType=INTEGER}, #{remarks,jdbcType=VARCHAR}, #{createAt,jdbcType=TIMESTAMP}, 
      #{createdMan,jdbcType=VARCHAR}, #{updatedAt,jdbcType=TIMESTAMP}, #{updatedMan,jdbcType=VARCHAR}
      )
  </insert>
  <insert id="insertSelective" parameterType="com.juwen.ibc.pojo.Functions">
    insert into functions
    <trim prefix="(" suffix=")" suffixOverrides=",">
      <if test="id != null">
        id,
      </if>
      <if test="name != null">
        name,
      </if>
      <if test="parentId != null">
        parent_id,
      </if>
      <if test="url != null">
        url,
      </if>
      <if test="type != null">
        type,
      </if>
      <if test="status != null">
        status,
      </if>
      <if test="listOrder != null">
        list_order,
      </if>
      <if test="remarks != null">
        remarks,
      </if>
      <if test="createAt != null">
        create_at,
      </if>
      <if test="createdMan != null">
        created_man,
      </if>
      <if test="updatedAt != null">
        updated_at,
      </if>
      <if test="updatedMan != null">
        updated_man,
      </if>
    </trim>
    <trim prefix="values (" suffix=")" suffixOverrides=",">
      <if test="id != null">
        #{id,jdbcType=INTEGER},
      </if>
      <if test="name != null">
        #{name,jdbcType=VARCHAR},
      </if>
      <if test="parentId != null">
        #{parentId,jdbcType=INTEGER},
      </if>
      <if test="url != null">
        #{url,jdbcType=VARCHAR},
      </if>
      <if test="type != null">
        #{type,jdbcType=INTEGER},
      </if>
      <if test="status != null">
        #{status,jdbcType=INTEGER},
      </if>
      <if test="listOrder != null">
        #{listOrder,jdbcType=INTEGER},
      </if>
      <if test="remarks != null">
        #{remarks,jdbcType=VARCHAR},
      </if>
      <if test="createAt != null">
        #{createAt,jdbcType=TIMESTAMP},
      </if>
      <if test="createdMan != null">
        #{createdMan,jdbcType=VARCHAR},
      </if>
      <if test="updatedAt != null">
        #{updatedAt,jdbcType=TIMESTAMP},
      </if>
      <if test="updatedMan != null">
        #{updatedMan,jdbcType=VARCHAR},
      </if>
    </trim>
  </insert>
  <update id="updateByPrimaryKeySelective" parameterType="com.juwen.ibc.pojo.Functions">
    update functions
    <set>
      <if test="name != null">
        name = #{name,jdbcType=VARCHAR},
      </if>
      <if test="parentId != null">
        parent_id = #{parentId,jdbcType=INTEGER},
      </if>
      <if test="url != null">
        url = #{url,jdbcType=VARCHAR},
      </if>
      <if test="type != null">
        type = #{type,jdbcType=INTEGER},
      </if>
      <if test="status != null">
        status = #{status,jdbcType=INTEGER},
      </if>
      <if test="listOrder != null">
        list_order = #{listOrder,jdbcType=INTEGER},
      </if>
      <if test="remarks != null">
        remarks = #{remarks,jdbcType=VARCHAR},
      </if>
      <if test="createAt != null">
        create_at = #{createAt,jdbcType=TIMESTAMP},
      </if>
      <if test="createdMan != null">
        created_man = #{createdMan,jdbcType=VARCHAR},
      </if>
      <if test="updatedAt != null">
        updated_at = #{updatedAt,jdbcType=TIMESTAMP},
      </if>
      <if test="updatedMan != null">
        updated_man = #{updatedMan,jdbcType=VARCHAR},
      </if>
    </set>
    where id = #{id,jdbcType=INTEGER}
  </update>
  <update id="updateByPrimaryKey" parameterType="com.juwen.ibc.pojo.Functions">
    update functions
    set name = #{name,jdbcType=VARCHAR},
      parent_id = #{parentId,jdbcType=INTEGER},
      url = #{url,jdbcType=VARCHAR},
      type = #{type,jdbcType=INTEGER},
      status = #{status,jdbcType=INTEGER},
      list_order = #{listOrder,jdbcType=INTEGER},
      remarks = #{remarks,jdbcType=VARCHAR},
      create_at = #{createAt,jdbcType=TIMESTAMP},
      created_man = #{createdMan,jdbcType=VARCHAR},
      updated_at = #{updatedAt,jdbcType=TIMESTAMP},
      updated_man = #{updatedMan,jdbcType=VARCHAR}
    where id = #{id,jdbcType=INTEGER}
  </update>
</mapper>