<?xml version="1.0" encoding="UTF-8"?>
<!DOCTYPE mapper PUBLIC "-//mybatis.org//DTD Mapper 3.0//EN" "http://mybatis.org/dtd/mybatis-3-mapper.dtd">
<mapper namespace="com.juwen.ibc.dao.ILoginLogDAO">
  <resultMap id="BaseResultMap" type="com.juwen.ibc.pojo.LoginLog">
    <id column="id" jdbcType="INTEGER" property="id" />
    <result column="student_info_id" jdbcType="INTEGER" property="studentInfoId" />
    <result column="login_at" jdbcType="TIMESTAMP" property="loginAt" />
    <result column="ip_address" jdbcType="VARCHAR" property="ipAddress" />
    <result column="client" jdbcType="VARCHAR" property="client" />
  </resultMap>
  <sql id="Base_Column_List">
    id, student_info_id, login_at, ip_address, client
  </sql>
  <select id="selectByPrimaryKey" parameterType="java.lang.Integer" resultMap="BaseResultMap">
    select 
    <include refid="Base_Column_List" />
    from login_log
    where id = #{id,jdbcType=INTEGER}
  </select>
  <delete id="deleteByPrimaryKey" parameterType="java.lang.Integer">
    delete from login_log
    where id = #{id,jdbcType=INTEGER}
  </delete>
  <insert id="insert" parameterType="com.juwen.ibc.pojo.LoginLog">
    insert into login_log (id, student_info_id, login_at, 
      ip_address, client)
    values (#{id,jdbcType=INTEGER}, #{studentInfoId,jdbcType=INTEGER}, #{loginAt,jdbcType=TIMESTAMP}, 
      #{ipAddress,jdbcType=VARCHAR}, #{client,jdbcType=VARCHAR})
  </insert>
  <insert id="insertSelective" parameterType="com.juwen.ibc.pojo.LoginLog">
    insert into login_log
    <trim prefix="(" suffix=")" suffixOverrides=",">
      <if test="id != null">
        id,
      </if>
      <if test="studentInfoId != null">
        student_info_id,
      </if>
      <if test="loginAt != null">
        login_at,
      </if>
      <if test="ipAddress != null">
        ip_address,
      </if>
      <if test="client != null">
        client,
      </if>
    </trim>
    <trim prefix="values (" suffix=")" suffixOverrides=",">
      <if test="id != null">
        #{id,jdbcType=INTEGER},
      </if>
      <if test="studentInfoId != null">
        #{studentInfoId,jdbcType=INTEGER},
      </if>
      <if test="loginAt != null">
        #{loginAt,jdbcType=TIMESTAMP},
      </if>
      <if test="ipAddress != null">
        #{ipAddress,jdbcType=VARCHAR},
      </if>
      <if test="client != null">
        #{client,jdbcType=VARCHAR},
      </if>
    </trim>
  </insert>
  <update id="updateByPrimaryKeySelective" parameterType="com.juwen.ibc.pojo.LoginLog">
    update login_log
    <set>
      <if test="studentInfoId != null">
        student_info_id = #{studentInfoId,jdbcType=INTEGER},
      </if>
      <if test="loginAt != null">
        login_at = #{loginAt,jdbcType=TIMESTAMP},
      </if>
      <if test="ipAddress != null">
        ip_address = #{ipAddress,jdbcType=VARCHAR},
      </if>
      <if test="client != null">
        client = #{client,jdbcType=VARCHAR},
      </if>
    </set>
    where id = #{id,jdbcType=INTEGER}
  </update>
  <update id="updateByPrimaryKey" parameterType="com.juwen.ibc.pojo.LoginLog">
    update login_log
    set student_info_id = #{studentInfoId,jdbcType=INTEGER},
      login_at = #{loginAt,jdbcType=TIMESTAMP},
      ip_address = #{ipAddress,jdbcType=VARCHAR},
      client = #{client,jdbcType=VARCHAR}
    where id = #{id,jdbcType=INTEGER}
  </update>
</mapper>