<?xml version="1.0" encoding="UTF-8"?>
<!DOCTYPE mapper PUBLIC "-//mybatis.org//DTD Mapper 3.0//EN" "http://mybatis.org/dtd/mybatis-3-mapper.dtd">
<mapper namespace="com.juwen.ibc.dao.INoticesDAO">
  <resultMap id="BaseResultMap" type="com.juwen.ibc.pojo.Notices">
    <id column="id" jdbcType="INTEGER" property="id" />
    <result column="title" jdbcType="VARCHAR" property="title" />
    <result column="notice_type" jdbcType="INTEGER" property="noticeType" />
    <result column="content" jdbcType="VARCHAR" property="content" />
    <result column="create_at" jdbcType="TIMESTAMP" property="createAt" />
  </resultMap>
  <sql id="Base_Column_List">
    id, title, notice_type, content, create_at
  </sql>
  <select id="selectByPrimaryKey" parameterType="java.lang.Integer" resultMap="BaseResultMap">
    select 
    <include refid="Base_Column_List" />
    from notices
    where id = #{id,jdbcType=INTEGER}
  </select>
  <delete id="deleteByPrimaryKey" parameterType="java.lang.Integer">
    delete from notices
    where id = #{id,jdbcType=INTEGER}
  </delete>
  <insert id="insert" parameterType="com.juwen.ibc.pojo.Notices">
    insert into notices (id, title, notice_type, 
      content, create_at)
    values (#{id,jdbcType=INTEGER}, #{title,jdbcType=VARCHAR}, #{noticeType,jdbcType=INTEGER}, 
      #{content,jdbcType=VARCHAR}, #{createAt,jdbcType=TIMESTAMP})
  </insert>
  <insert id="insertSelective" parameterType="com.juwen.ibc.pojo.Notices">
    insert into notices
    <trim prefix="(" suffix=")" suffixOverrides=",">
      <if test="id != null">
        id,
      </if>
      <if test="title != null">
        title,
      </if>
      <if test="noticeType != null">
        notice_type,
      </if>
      <if test="content != null">
        content,
      </if>
      <if test="createAt != null">
        create_at,
      </if>
    </trim>
    <trim prefix="values (" suffix=")" suffixOverrides=",">
      <if test="id != null">
        #{id,jdbcType=INTEGER},
      </if>
      <if test="title != null">
        #{title,jdbcType=VARCHAR},
      </if>
      <if test="noticeType != null">
        #{noticeType,jdbcType=INTEGER},
      </if>
      <if test="content != null">
        #{content,jdbcType=VARCHAR},
      </if>
      <if test="createAt != null">
        #{createAt,jdbcType=TIMESTAMP},
      </if>
    </trim>
  </insert>
  <update id="updateByPrimaryKeySelective" parameterType="com.juwen.ibc.pojo.Notices">
    update notices
    <set>
      <if test="title != null">
        title = #{title,jdbcType=VARCHAR},
      </if>
      <if test="noticeType != null">
        notice_type = #{noticeType,jdbcType=INTEGER},
      </if>
      <if test="content != null">
        content = #{content,jdbcType=VARCHAR},
      </if>
      <if test="createAt != null">
        create_at = #{createAt,jdbcType=TIMESTAMP},
      </if>
    </set>
    where id = #{id,jdbcType=INTEGER}
  </update>
  <update id="updateByPrimaryKey" parameterType="com.juwen.ibc.pojo.Notices">
    update notices
    set title = #{title,jdbcType=VARCHAR},
      notice_type = #{noticeType,jdbcType=INTEGER},
      content = #{content,jdbcType=VARCHAR},
      create_at = #{createAt,jdbcType=TIMESTAMP}
    where id = #{id,jdbcType=INTEGER}
  </update>
</mapper>