<?xml version="1.0" encoding="UTF-8"?>
<!DOCTYPE mapper PUBLIC "-//mybatis.org//DTD Mapper 3.0//EN" "http://mybatis.org/dtd/mybatis-3-mapper.dtd">
<mapper namespace="com.juwen.ibc.dao.IRegionDAO">
  <resultMap id="BaseResultMap" type="com.juwen.ibc.pojo.Region">
    <id column="id" jdbcType="INTEGER" property="id" />
    <result column="code" jdbcType="VARCHAR" property="code" />
    <result column="name" jdbcType="VARCHAR" property="name" />
    <result column="PARENT_ID" jdbcType="INTEGER" property="parentId" />
    <result column="level" jdbcType="INTEGER" property="level" />
    <result column="list_order" jdbcType="INTEGER" property="listOrder" />
    <result column="name_en" jdbcType="VARCHAR" property="nameEn" />
    <result column="SHORTNAME_EN" jdbcType="VARCHAR" property="shortnameEn" />
  </resultMap>
  <sql id="Base_Column_List">
    id, code, name, PARENT_ID, level, list_order, name_en, SHORTNAME_EN
  </sql>
  <select id="selectByPrimaryKey" parameterType="java.lang.Integer" resultMap="BaseResultMap">
    select 
    <include refid="Base_Column_List" />
    from region
    where id = #{id,jdbcType=INTEGER}
  </select>
  <delete id="deleteByPrimaryKey" parameterType="java.lang.Integer">
    delete from region
    where id = #{id,jdbcType=INTEGER}
  </delete>
  <insert id="insert" parameterType="com.juwen.ibc.pojo.Region">
    insert into region (id, code, name, 
      PARENT_ID, level, list_order, 
      name_en, SHORTNAME_EN)
    values (#{id,jdbcType=INTEGER}, #{code,jdbcType=VARCHAR}, #{name,jdbcType=VARCHAR}, 
      #{parentId,jdbcType=INTEGER}, #{level,jdbcType=INTEGER}, #{listOrder,jdbcType=INTEGER}, 
      #{nameEn,jdbcType=VARCHAR}, #{shortnameEn,jdbcType=VARCHAR})
  </insert>
  <insert id="insertSelective" parameterType="com.juwen.ibc.pojo.Region">
    insert into region
    <trim prefix="(" suffix=")" suffixOverrides=",">
      <if test="id != null">
        id,
      </if>
      <if test="code != null">
        code,
      </if>
      <if test="name != null">
        name,
      </if>
      <if test="parentId != null">
        PARENT_ID,
      </if>
      <if test="level != null">
        level,
      </if>
      <if test="listOrder != null">
        list_order,
      </if>
      <if test="nameEn != null">
        name_en,
      </if>
      <if test="shortnameEn != null">
        SHORTNAME_EN,
      </if>
    </trim>
    <trim prefix="values (" suffix=")" suffixOverrides=",">
      <if test="id != null">
        #{id,jdbcType=INTEGER},
      </if>
      <if test="code != null">
        #{code,jdbcType=VARCHAR},
      </if>
      <if test="name != null">
        #{name,jdbcType=VARCHAR},
      </if>
      <if test="parentId != null">
        #{parentId,jdbcType=INTEGER},
      </if>
      <if test="level != null">
        #{level,jdbcType=INTEGER},
      </if>
      <if test="listOrder != null">
        #{listOrder,jdbcType=INTEGER},
      </if>
      <if test="nameEn != null">
        #{nameEn,jdbcType=VARCHAR},
      </if>
      <if test="shortnameEn != null">
        #{shortnameEn,jdbcType=VARCHAR},
      </if>
    </trim>
  </insert>
  <update id="updateByPrimaryKeySelective" parameterType="com.juwen.ibc.pojo.Region">
    update region
    <set>
      <if test="code != null">
        code = #{code,jdbcType=VARCHAR},
      </if>
      <if test="name != null">
        name = #{name,jdbcType=VARCHAR},
      </if>
      <if test="parentId != null">
        PARENT_ID = #{parentId,jdbcType=INTEGER},
      </if>
      <if test="level != null">
        level = #{level,jdbcType=INTEGER},
      </if>
      <if test="listOrder != null">
        list_order = #{listOrder,jdbcType=INTEGER},
      </if>
      <if test="nameEn != null">
        name_en = #{nameEn,jdbcType=VARCHAR},
      </if>
      <if test="shortnameEn != null">
        SHORTNAME_EN = #{shortnameEn,jdbcType=VARCHAR},
      </if>
    </set>
    where id = #{id,jdbcType=INTEGER}
  </update>
  <update id="updateByPrimaryKey" parameterType="com.juwen.ibc.pojo.Region">
    update region
    set code = #{code,jdbcType=VARCHAR},
      name = #{name,jdbcType=VARCHAR},
      PARENT_ID = #{parentId,jdbcType=INTEGER},
      level = #{level,jdbcType=INTEGER},
      list_order = #{listOrder,jdbcType=INTEGER},
      name_en = #{nameEn,jdbcType=VARCHAR},
      SHORTNAME_EN = #{shortnameEn,jdbcType=VARCHAR}
    where id = #{id,jdbcType=INTEGER}
  </update>
</mapper>