<?xml version="1.0" encoding="UTF-8"?>
<!DOCTYPE mapper PUBLIC "-//mybatis.org//DTD Mapper 3.0//EN" "http://mybatis.org/dtd/mybatis-3-mapper.dtd">
<mapper namespace="com.juwen.ibc.dao.ISendMessageLogsDAO">
  <resultMap id="BaseResultMap" type="com.juwen.ibc.pojo.SendMessageLogs">
    <id column="id" jdbcType="INTEGER" property="id" />
    <result column="mobile_no" jdbcType="VARCHAR" property="mobileNo" />
    <result column="send_date" jdbcType="TIMESTAMP" property="sendDate" />
    <result column="remark" jdbcType="VARCHAR" property="remark" />
    <result column="ip_address" jdbcType="VARCHAR" property="ipAddress" />
    <result column="device_no" jdbcType="VARCHAR" property="deviceNo" />
    <result column="code" jdbcType="VARCHAR" property="code" />
    <result column="status" jdbcType="INTEGER" property="status" />
  </resultMap>
  <sql id="Base_Column_List">
    id, mobile_no, send_date, remark, ip_address, device_no, code, status
  </sql>
  <select id="selectByPrimaryKey" parameterType="java.lang.Integer" resultMap="BaseResultMap">
    select 
    <include refid="Base_Column_List" />
    from send_message_logs
    where id = #{id,jdbcType=INTEGER}
  </select>
  <delete id="deleteByPrimaryKey" parameterType="java.lang.Integer">
    delete from send_message_logs
    where id = #{id,jdbcType=INTEGER}
  </delete>
  <insert id="insert" parameterType="com.juwen.ibc.pojo.SendMessageLogs">
    insert into send_message_logs (id, mobile_no, send_date, 
      remark, ip_address, device_no, 
      code, status)
    values (#{id,jdbcType=INTEGER}, #{mobileNo,jdbcType=VARCHAR}, #{sendDate,jdbcType=TIMESTAMP}, 
      #{remark,jdbcType=VARCHAR}, #{ipAddress,jdbcType=VARCHAR}, #{deviceNo,jdbcType=VARCHAR}, 
      #{code,jdbcType=VARCHAR}, #{status,jdbcType=INTEGER})
  </insert>
  <insert id="insertSelective" parameterType="com.juwen.ibc.pojo.SendMessageLogs">
    insert into send_message_logs
    <trim prefix="(" suffix=")" suffixOverrides=",">
      <if test="id != null">
        id,
      </if>
      <if test="mobileNo != null">
        mobile_no,
      </if>
      <if test="sendDate != null">
        send_date,
      </if>
      <if test="remark != null">
        remark,
      </if>
      <if test="ipAddress != null">
        ip_address,
      </if>
      <if test="deviceNo != null">
        device_no,
      </if>
      <if test="code != null">
        code,
      </if>
      <if test="status != null">
        status,
      </if>
    </trim>
    <trim prefix="values (" suffix=")" suffixOverrides=",">
      <if test="id != null">
        #{id,jdbcType=INTEGER},
      </if>
      <if test="mobileNo != null">
        #{mobileNo,jdbcType=VARCHAR},
      </if>
      <if test="sendDate != null">
        #{sendDate,jdbcType=TIMESTAMP},
      </if>
      <if test="remark != null">
        #{remark,jdbcType=VARCHAR},
      </if>
      <if test="ipAddress != null">
        #{ipAddress,jdbcType=VARCHAR},
      </if>
      <if test="deviceNo != null">
        #{deviceNo,jdbcType=VARCHAR},
      </if>
      <if test="code != null">
        #{code,jdbcType=VARCHAR},
      </if>
      <if test="status != null">
        #{status,jdbcType=INTEGER},
      </if>
    </trim>
  </insert>
  <update id="updateByPrimaryKeySelective" parameterType="com.juwen.ibc.pojo.SendMessageLogs">
    update send_message_logs
    <set>
      <if test="mobileNo != null">
        mobile_no = #{mobileNo,jdbcType=VARCHAR},
      </if>
      <if test="sendDate != null">
        send_date = #{sendDate,jdbcType=TIMESTAMP},
      </if>
      <if test="remark != null">
        remark = #{remark,jdbcType=VARCHAR},
      </if>
      <if test="ipAddress != null">
        ip_address = #{ipAddress,jdbcType=VARCHAR},
      </if>
      <if test="deviceNo != null">
        device_no = #{deviceNo,jdbcType=VARCHAR},
      </if>
      <if test="code != null">
        code = #{code,jdbcType=VARCHAR},
      </if>
      <if test="status != null">
        status = #{status,jdbcType=INTEGER},
      </if>
    </set>
    where id = #{id,jdbcType=INTEGER}
  </update>
  <update id="updateByPrimaryKey" parameterType="com.juwen.ibc.pojo.SendMessageLogs">
    update send_message_logs
    set mobile_no = #{mobileNo,jdbcType=VARCHAR},
      send_date = #{sendDate,jdbcType=TIMESTAMP},
      remark = #{remark,jdbcType=VARCHAR},
      ip_address = #{ipAddress,jdbcType=VARCHAR},
      device_no = #{deviceNo,jdbcType=VARCHAR},
      code = #{code,jdbcType=VARCHAR},
      status = #{status,jdbcType=INTEGER}
    where id = #{id,jdbcType=INTEGER}
  </update>
</mapper>