<?xml version="1.0" encoding="UTF-8"?>
<!DOCTYPE mapper PUBLIC "-//mybatis.org//DTD Mapper 3.0//EN" "http://mybatis.org/dtd/mybatis-3-mapper.dtd">
<mapper namespace="com.juwen.ibc.dao.IStudentPayDAO">
  <resultMap id="BaseResultMap" type="com.juwen.ibc.pojo.StudentPay">
    <id column="id" jdbcType="INTEGER" property="id" />
    <result column="student_info_id" jdbcType="INTEGER" property="studentInfoId" />
    <result column="study_year_id" jdbcType="INTEGER" property="studyYearId" />
    <result column="pay_date" jdbcType="TIMESTAMP" property="payDate" />
    <result column="pay_type" jdbcType="INTEGER" property="payType" />
    <result column="pay_num" jdbcType="DECIMAL" property="payNum" />
    <result column="real_num" jdbcType="DECIMAL" property="realNum" />
    <result column="profession_id" jdbcType="INTEGER" property="professionId" />
    <result column="status" jdbcType="INTEGER" property="status" />
  </resultMap>
  <sql id="Base_Column_List">
    id, student_info_id, study_year_id, pay_date, pay_type, pay_num, real_num, profession_id, 
    status
  </sql>
  <select id="selectByPrimaryKey" parameterType="java.lang.Integer" resultMap="BaseResultMap">
    select 
    <include refid="Base_Column_List" />
    from student_pay
    where id = #{id,jdbcType=INTEGER}
  </select>
  <delete id="deleteByPrimaryKey" parameterType="java.lang.Integer">
    delete from student_pay
    where id = #{id,jdbcType=INTEGER}
  </delete>
  <insert id="insert" parameterType="com.juwen.ibc.pojo.StudentPay">
    insert into student_pay (id, student_info_id, study_year_id, 
      pay_date, pay_type, pay_num, 
      real_num, profession_id, status
      )
    values (#{id,jdbcType=INTEGER}, #{studentInfoId,jdbcType=INTEGER}, #{studyYearId,jdbcType=INTEGER}, 
      #{payDate,jdbcType=TIMESTAMP}, #{payType,jdbcType=INTEGER}, #{payNum,jdbcType=DECIMAL}, 
      #{realNum,jdbcType=DECIMAL}, #{professionId,jdbcType=INTEGER}, #{status,jdbcType=INTEGER}
      )
  </insert>
  <insert id="insertSelective" parameterType="com.juwen.ibc.pojo.StudentPay">
    insert into student_pay
    <trim prefix="(" suffix=")" suffixOverrides=",">
      <if test="id != null">
        id,
      </if>
      <if test="studentInfoId != null">
        student_info_id,
      </if>
      <if test="studyYearId != null">
        study_year_id,
      </if>
      <if test="payDate != null">
        pay_date,
      </if>
      <if test="payType != null">
        pay_type,
      </if>
      <if test="payNum != null">
        pay_num,
      </if>
      <if test="realNum != null">
        real_num,
      </if>
      <if test="professionId != null">
        profession_id,
      </if>
      <if test="status != null">
        status,
      </if>
    </trim>
    <trim prefix="values (" suffix=")" suffixOverrides=",">
      <if test="id != null">
        #{id,jdbcType=INTEGER},
      </if>
      <if test="studentInfoId != null">
        #{studentInfoId,jdbcType=INTEGER},
      </if>
      <if test="studyYearId != null">
        #{studyYearId,jdbcType=INTEGER},
      </if>
      <if test="payDate != null">
        #{payDate,jdbcType=TIMESTAMP},
      </if>
      <if test="payType != null">
        #{payType,jdbcType=INTEGER},
      </if>
      <if test="payNum != null">
        #{payNum,jdbcType=DECIMAL},
      </if>
      <if test="realNum != null">
        #{realNum,jdbcType=DECIMAL},
      </if>
      <if test="professionId != null">
        #{professionId,jdbcType=INTEGER},
      </if>
      <if test="status != null">
        #{status,jdbcType=INTEGER},
      </if>
    </trim>
  </insert>
  <update id="updateByPrimaryKeySelective" parameterType="com.juwen.ibc.pojo.StudentPay">
    update student_pay
    <set>
      <if test="studentInfoId != null">
        student_info_id = #{studentInfoId,jdbcType=INTEGER},
      </if>
      <if test="studyYearId != null">
        study_year_id = #{studyYearId,jdbcType=INTEGER},
      </if>
      <if test="payDate != null">
        pay_date = #{payDate,jdbcType=TIMESTAMP},
      </if>
      <if test="payType != null">
        pay_type = #{payType,jdbcType=INTEGER},
      </if>
      <if test="payNum != null">
        pay_num = #{payNum,jdbcType=DECIMAL},
      </if>
      <if test="realNum != null">
        real_num = #{realNum,jdbcType=DECIMAL},
      </if>
      <if test="professionId != null">
        profession_id = #{professionId,jdbcType=INTEGER},
      </if>
      <if test="status != null">
        status = #{status,jdbcType=INTEGER},
      </if>
    </set>
    where id = #{id,jdbcType=INTEGER}
  </update>
  <update id="updateByPrimaryKey" parameterType="com.juwen.ibc.pojo.StudentPay">
    update student_pay
    set student_info_id = #{studentInfoId,jdbcType=INTEGER},
      study_year_id = #{studyYearId,jdbcType=INTEGER},
      pay_date = #{payDate,jdbcType=TIMESTAMP},
      pay_type = #{payType,jdbcType=INTEGER},
      pay_num = #{payNum,jdbcType=DECIMAL},
      real_num = #{realNum,jdbcType=DECIMAL},
      profession_id = #{professionId,jdbcType=INTEGER},
      status = #{status,jdbcType=INTEGER}
    where id = #{id,jdbcType=INTEGER}
  </update>
</mapper>