<?xml version="1.0" encoding="UTF-8"?>
<!DOCTYPE mapper PUBLIC "-//mybatis.org//DTD Mapper 3.0//EN" "http://mybatis.org/dtd/mybatis-3-mapper.dtd">
<mapper namespace="com.juwen.ibc.dao.IStudentCurriculumDAO">
  <resultMap id="BaseResultMap" type="com.juwen.ibc.pojo.StudentCurriculum">
    <id column="id" jdbcType="INTEGER" property="id" />
    <result column="student_info_id" jdbcType="INTEGER" property="studentInfoId" />
    <result column="curriculum_id" jdbcType="INTEGER" property="curriculumId" />
    <result column="status" jdbcType="INTEGER" property="status" />
    <result column="create_at" jdbcType="TIMESTAMP" property="createAt" />
  </resultMap>
  <sql id="Base_Column_List">
    id, student_info_id, curriculum_id, status, create_at
  </sql>
  <select id="selectByPrimaryKey" parameterType="java.lang.Integer" resultMap="BaseResultMap">
    select 
    <include refid="Base_Column_List" />
    from student_curriculum
    where id = #{id,jdbcType=INTEGER}
  </select>
  <delete id="deleteByPrimaryKey" parameterType="java.lang.Integer">
    delete from student_curriculum
    where id = #{id,jdbcType=INTEGER}
  </delete>
  <insert id="insert" parameterType="com.juwen.ibc.pojo.StudentCurriculum">
    insert into student_curriculum (id, student_info_id, curriculum_id, 
      status, create_at)
    values (#{id,jdbcType=INTEGER}, #{studentInfoId,jdbcType=INTEGER}, #{curriculumId,jdbcType=INTEGER}, 
      #{status,jdbcType=INTEGER}, #{createAt,jdbcType=TIMESTAMP})
  </insert>
  <insert id="insertSelective" parameterType="com.juwen.ibc.pojo.StudentCurriculum">
    insert into student_curriculum
    <trim prefix="(" suffix=")" suffixOverrides=",">
      <if test="id != null">
        id,
      </if>
      <if test="studentInfoId != null">
        student_info_id,
      </if>
      <if test="curriculumId != null">
        curriculum_id,
      </if>
      <if test="status != null">
        status,
      </if>
      <if test="createAt != null">
        create_at,
      </if>
    </trim>
    <trim prefix="values (" suffix=")" suffixOverrides=",">
      <if test="id != null">
        #{id,jdbcType=INTEGER},
      </if>
      <if test="studentInfoId != null">
        #{studentInfoId,jdbcType=INTEGER},
      </if>
      <if test="curriculumId != null">
        #{curriculumId,jdbcType=INTEGER},
      </if>
      <if test="status != null">
        #{status,jdbcType=INTEGER},
      </if>
      <if test="createAt != null">
        #{createAt,jdbcType=TIMESTAMP},
      </if>
    </trim>
  </insert>
  <update id="updateByPrimaryKeySelective" parameterType="com.juwen.ibc.pojo.StudentCurriculum">
    update student_curriculum
    <set>
      <if test="studentInfoId != null">
        student_info_id = #{studentInfoId,jdbcType=INTEGER},
      </if>
      <if test="curriculumId != null">
        curriculum_id = #{curriculumId,jdbcType=INTEGER},
      </if>
      <if test="status != null">
        status = #{status,jdbcType=INTEGER},
      </if>
      <if test="createAt != null">
        create_at = #{createAt,jdbcType=TIMESTAMP},
      </if>
    </set>
    where id = #{id,jdbcType=INTEGER}
  </update>
  <update id="updateByPrimaryKey" parameterType="com.juwen.ibc.pojo.StudentCurriculum">
    update student_curriculum
    set student_info_id = #{studentInfoId,jdbcType=INTEGER},
      curriculum_id = #{curriculumId,jdbcType=INTEGER},
      status = #{status,jdbcType=INTEGER},
      create_at = #{createAt,jdbcType=TIMESTAMP}
    where id = #{id,jdbcType=INTEGER}
  </update>
</mapper>