<?xml version="1.0" encoding="UTF-8"?>
<!DOCTYPE mapper PUBLIC "-//mybatis.org//DTD Mapper 3.0//EN" "http://mybatis.org/dtd/mybatis-3-mapper.dtd">
<mapper namespace="com.juwen.ibc.dao.IStudentFeedbackDAO">
  <resultMap id="BaseResultMap" type="com.juwen.ibc.pojo.StudentFeedback">
    <id column="id" jdbcType="INTEGER" property="id" />
    <result column="student_id" jdbcType="INTEGER" property="studentId" />
    <result column="student_name" jdbcType="VARCHAR" property="studentName" />
    <result column="title" jdbcType="VARCHAR" property="title" />
    <result column="contents" jdbcType="VARCHAR" property="contents" />
    <result column="type" jdbcType="INTEGER" property="type" />
    <result column="status" jdbcType="INTEGER" property="status" />
    <result column="create_at" jdbcType="TIMESTAMP" property="createAt" />
    <result column="list_order" jdbcType="INTEGER" property="listOrder" />
  </resultMap>
  <sql id="Base_Column_List">
    id, student_id, student_name, title, contents, type, status, create_at, list_order
  </sql>
  <select id="selectByPrimaryKey" parameterType="java.lang.Integer" resultMap="BaseResultMap">
    select 
    <include refid="Base_Column_List" />
    from student_feedback
    where id = #{id,jdbcType=INTEGER}
  </select>
  <delete id="deleteByPrimaryKey" parameterType="java.lang.Integer">
    delete from student_feedback
    where id = #{id,jdbcType=INTEGER}
  </delete>
  <insert id="insert" parameterType="com.juwen.ibc.pojo.StudentFeedback">
    insert into student_feedback (id, student_id, student_name, 
      title, contents, type, 
      status, create_at, list_order
      )
    values (#{id,jdbcType=INTEGER}, #{studentId,jdbcType=INTEGER}, #{studentName,jdbcType=VARCHAR}, 
      #{title,jdbcType=VARCHAR}, #{contents,jdbcType=VARCHAR}, #{type,jdbcType=INTEGER}, 
      #{status,jdbcType=INTEGER}, #{createAt,jdbcType=TIMESTAMP}, #{listOrder,jdbcType=INTEGER}
      )
  </insert>
  <insert id="insertSelective" parameterType="com.juwen.ibc.pojo.StudentFeedback">
    insert into student_feedback
    <trim prefix="(" suffix=")" suffixOverrides=",">
      <if test="id != null">
        id,
      </if>
      <if test="studentId != null">
        student_id,
      </if>
      <if test="studentName != null">
        student_name,
      </if>
      <if test="title != null">
        title,
      </if>
      <if test="contents != null">
        contents,
      </if>
      <if test="type != null">
        type,
      </if>
      <if test="status != null">
        status,
      </if>
      <if test="createAt != null">
        create_at,
      </if>
      <if test="listOrder != null">
        list_order,
      </if>
    </trim>
    <trim prefix="values (" suffix=")" suffixOverrides=",">
      <if test="id != null">
        #{id,jdbcType=INTEGER},
      </if>
      <if test="studentId != null">
        #{studentId,jdbcType=INTEGER},
      </if>
      <if test="studentName != null">
        #{studentName,jdbcType=VARCHAR},
      </if>
      <if test="title != null">
        #{title,jdbcType=VARCHAR},
      </if>
      <if test="contents != null">
        #{contents,jdbcType=VARCHAR},
      </if>
      <if test="type != null">
        #{type,jdbcType=INTEGER},
      </if>
      <if test="status != null">
        #{status,jdbcType=INTEGER},
      </if>
      <if test="createAt != null">
        #{createAt,jdbcType=TIMESTAMP},
      </if>
      <if test="listOrder != null">
        #{listOrder,jdbcType=INTEGER},
      </if>
    </trim>
  </insert>
  <update id="updateByPrimaryKeySelective" parameterType="com.juwen.ibc.pojo.StudentFeedback">
    update student_feedback
    <set>
      <if test="studentId != null">
        student_id = #{studentId,jdbcType=INTEGER},
      </if>
      <if test="studentName != null">
        student_name = #{studentName,jdbcType=VARCHAR},
      </if>
      <if test="title != null">
        title = #{title,jdbcType=VARCHAR},
      </if>
      <if test="contents != null">
        contents = #{contents,jdbcType=VARCHAR},
      </if>
      <if test="type != null">
        type = #{type,jdbcType=INTEGER},
      </if>
      <if test="status != null">
        status = #{status,jdbcType=INTEGER},
      </if>
      <if test="createAt != null">
        create_at = #{createAt,jdbcType=TIMESTAMP},
      </if>
      <if test="listOrder != null">
        list_order = #{listOrder,jdbcType=INTEGER},
      </if>
    </set>
    where id = #{id,jdbcType=INTEGER}
  </update>
  <update id="updateByPrimaryKey" parameterType="com.juwen.ibc.pojo.StudentFeedback">
    update student_feedback
    set student_id = #{studentId,jdbcType=INTEGER},
      student_name = #{studentName,jdbcType=VARCHAR},
      title = #{title,jdbcType=VARCHAR},
      contents = #{contents,jdbcType=VARCHAR},
      type = #{type,jdbcType=INTEGER},
      status = #{status,jdbcType=INTEGER},
      create_at = #{createAt,jdbcType=TIMESTAMP},
      list_order = #{listOrder,jdbcType=INTEGER}
    where id = #{id,jdbcType=INTEGER}
  </update>
</mapper>