<?xml version="1.0" encoding="UTF-8"?>
<!DOCTYPE mapper PUBLIC "-//mybatis.org//DTD Mapper 3.0//EN" "http://mybatis.org/dtd/mybatis-3-mapper.dtd">
<mapper namespace="com.juwen.ibc.dao.IStudentStudyRecordDAO">
  <resultMap id="BaseResultMap" type="com.juwen.ibc.pojo.StudentStudyRecord">
    <id column="id" jdbcType="INTEGER" property="id" />
    <result column="student_info_id" jdbcType="INTEGER" property="studentInfoId" />
    <result column="study_type" jdbcType="INTEGER" property="studyType" />
    <result column="source_table" jdbcType="VARCHAR" property="sourceTable" />
    <result column="bussiness_id" jdbcType="INTEGER" property="bussinessId" />
    <result column="curriculum_id" jdbcType="INTEGER" property="curriculumId" />
    <result column="study_content" jdbcType="VARCHAR" property="studyContent" />
    <result column="study_score" jdbcType="VARCHAR" property="studyScore" />
    <result column="video_play_duration" jdbcType="INTEGER" property="videoPlayDuration" />
    <result column="last_answer_index" jdbcType="INTEGER" property="lastAnswerIndex" />
    <result column="study_time" jdbcType="TIMESTAMP" property="studyTime" />
    <result column="student_info_new_id" jdbcType="VARCHAR" property="studentInfoNewId" />
    <result column="study_path" jdbcType="VARCHAR" property="studyPath" />
    <result column="new_id" jdbcType="VARCHAR" property="newId" />
  </resultMap>
  <sql id="Base_Column_List">
    id, student_info_id, study_type, source_table, bussiness_id, curriculum_id, study_content, 
    study_score, video_play_duration, last_answer_index, study_time, student_info_new_id, 
    study_path, new_id
  </sql>
  <select id="selectByPrimaryKey" parameterType="java.lang.Integer" resultMap="BaseResultMap">
    select 
    <include refid="Base_Column_List" />
    from student_study_record
    where id = #{id,jdbcType=INTEGER}
  </select>
  <delete id="deleteByPrimaryKey" parameterType="java.lang.Integer">
    delete from student_study_record
    where id = #{id,jdbcType=INTEGER}
  </delete>
  <insert id="insert" parameterType="com.juwen.ibc.pojo.StudentStudyRecord">
    insert into student_study_record (id, student_info_id, study_type, 
      source_table, bussiness_id, curriculum_id, 
      study_content, study_score, video_play_duration, 
      last_answer_index, study_time, student_info_new_id, 
      study_path, new_id)
    values (#{id,jdbcType=INTEGER}, #{studentInfoId,jdbcType=INTEGER}, #{studyType,jdbcType=INTEGER}, 
      #{sourceTable,jdbcType=VARCHAR}, #{bussinessId,jdbcType=INTEGER}, #{curriculumId,jdbcType=INTEGER}, 
      #{studyContent,jdbcType=VARCHAR}, #{studyScore,jdbcType=VARCHAR}, #{videoPlayDuration,jdbcType=INTEGER}, 
      #{lastAnswerIndex,jdbcType=INTEGER}, #{studyTime,jdbcType=TIMESTAMP}, #{studentInfoNewId,jdbcType=VARCHAR}, 
      #{studyPath,jdbcType=VARCHAR}, #{newId,jdbcType=VARCHAR})
  </insert>
  <insert id="insertSelective" parameterType="com.juwen.ibc.pojo.StudentStudyRecord">
    insert into student_study_record
    <trim prefix="(" suffix=")" suffixOverrides=",">
      <if test="id != null">
        id,
      </if>
      <if test="studentInfoId != null">
        student_info_id,
      </if>
      <if test="studyType != null">
        study_type,
      </if>
      <if test="sourceTable != null">
        source_table,
      </if>
      <if test="bussinessId != null">
        bussiness_id,
      </if>
      <if test="curriculumId != null">
        curriculum_id,
      </if>
      <if test="studyContent != null">
        study_content,
      </if>
      <if test="studyScore != null">
        study_score,
      </if>
      <if test="videoPlayDuration != null">
        video_play_duration,
      </if>
      <if test="lastAnswerIndex != null">
        last_answer_index,
      </if>
      <if test="studyTime != null">
        study_time,
      </if>
      <if test="studentInfoNewId != null">
        student_info_new_id,
      </if>
      <if test="studyPath != null">
        study_path,
      </if>
      <if test="newId != null">
        new_id,
      </if>
    </trim>
    <trim prefix="values (" suffix=")" suffixOverrides=",">
      <if test="id != null">
        #{id,jdbcType=INTEGER},
      </if>
      <if test="studentInfoId != null">
        #{studentInfoId,jdbcType=INTEGER},
      </if>
      <if test="studyType != null">
        #{studyType,jdbcType=INTEGER},
      </if>
      <if test="sourceTable != null">
        #{sourceTable,jdbcType=VARCHAR},
      </if>
      <if test="bussinessId != null">
        #{bussinessId,jdbcType=INTEGER},
      </if>
      <if test="curriculumId != null">
        #{curriculumId,jdbcType=INTEGER},
      </if>
      <if test="studyContent != null">
        #{studyContent,jdbcType=VARCHAR},
      </if>
      <if test="studyScore != null">
        #{studyScore,jdbcType=VARCHAR},
      </if>
      <if test="videoPlayDuration != null">
        #{videoPlayDuration,jdbcType=INTEGER},
      </if>
      <if test="lastAnswerIndex != null">
        #{lastAnswerIndex,jdbcType=INTEGER},
      </if>
      <if test="studyTime != null">
        #{studyTime,jdbcType=TIMESTAMP},
      </if>
      <if test="studentInfoNewId != null">
        #{studentInfoNewId,jdbcType=VARCHAR},
      </if>
      <if test="studyPath != null">
        #{studyPath,jdbcType=VARCHAR},
      </if>
      <if test="newId != null">
        #{newId,jdbcType=VARCHAR},
      </if>
    </trim>
  </insert>
  <update id="updateByPrimaryKeySelective" parameterType="com.juwen.ibc.pojo.StudentStudyRecord">
    update student_study_record
    <set>
      <if test="studentInfoId != null">
        student_info_id = #{studentInfoId,jdbcType=INTEGER},
      </if>
      <if test="studyType != null">
        study_type = #{studyType,jdbcType=INTEGER},
      </if>
      <if test="sourceTable != null">
        source_table = #{sourceTable,jdbcType=VARCHAR},
      </if>
      <if test="bussinessId != null">
        bussiness_id = #{bussinessId,jdbcType=INTEGER},
      </if>
      <if test="curriculumId != null">
        curriculum_id = #{curriculumId,jdbcType=INTEGER},
      </if>
      <if test="studyContent != null">
        study_content = #{studyContent,jdbcType=VARCHAR},
      </if>
      <if test="studyScore != null">
        study_score = #{studyScore,jdbcType=VARCHAR},
      </if>
      <if test="videoPlayDuration != null">
        video_play_duration = #{videoPlayDuration,jdbcType=INTEGER},
      </if>
      <if test="lastAnswerIndex != null">
        last_answer_index = #{lastAnswerIndex,jdbcType=INTEGER},
      </if>
      <if test="studyTime != null">
        study_time = #{studyTime,jdbcType=TIMESTAMP},
      </if>
      <if test="studentInfoNewId != null">
        student_info_new_id = #{studentInfoNewId,jdbcType=VARCHAR},
      </if>
      <if test="studyPath != null">
        study_path = #{studyPath,jdbcType=VARCHAR},
      </if>
      <if test="newId != null">
        new_id = #{newId,jdbcType=VARCHAR},
      </if>
    </set>
    where id = #{id,jdbcType=INTEGER}
  </update>
  <update id="updateByPrimaryKey" parameterType="com.juwen.ibc.pojo.StudentStudyRecord">
    update student_study_record
    set student_info_id = #{studentInfoId,jdbcType=INTEGER},
      study_type = #{studyType,jdbcType=INTEGER},
      source_table = #{sourceTable,jdbcType=VARCHAR},
      bussiness_id = #{bussinessId,jdbcType=INTEGER},
      curriculum_id = #{curriculumId,jdbcType=INTEGER},
      study_content = #{studyContent,jdbcType=VARCHAR},
      study_score = #{studyScore,jdbcType=VARCHAR},
      video_play_duration = #{videoPlayDuration,jdbcType=INTEGER},
      last_answer_index = #{lastAnswerIndex,jdbcType=INTEGER},
      study_time = #{studyTime,jdbcType=TIMESTAMP},
      student_info_new_id = #{studentInfoNewId,jdbcType=VARCHAR},
      study_path = #{studyPath,jdbcType=VARCHAR},
      new_id = #{newId,jdbcType=VARCHAR}
    where id = #{id,jdbcType=INTEGER}
  </update>
</mapper>