<?xml version="1.0" encoding="UTF-8"?>
<!DOCTYPE mapper PUBLIC "-//mybatis.org//DTD Mapper 3.0//EN" "http://mybatis.org/dtd/mybatis-3-mapper.dtd">
<mapper namespace="com.juwen.ibc.dao.IStudentInfoDetailDAO">
  <resultMap id="BaseResultMap" type="com.juwen.ibc.pojo.StudentInfoDetail">
    <id column="id" jdbcType="INTEGER" property="id" />
    <result column="student_info_id" jdbcType="INTEGER" property="studentInfoId" />
    <result column="sex" jdbcType="CHAR" property="sex" />
    <result column="educational_background" jdbcType="INTEGER" property="educationalBackground" />
    <result column="educational" jdbcType="INTEGER" property="educational" />
    <result column="old_prefession" jdbcType="INTEGER" property="oldPrefession" />
    <result column="recruit_point_id" jdbcType="INTEGER" property="recruitPointId" />
    <result column="register_point_id" jdbcType="INTEGER" property="registerPointId" />
    <result column="batch_id" jdbcType="INTEGER" property="batchId" />
    <result column="phone" jdbcType="VARCHAR" property="phone" />
    <result column="phone2" jdbcType="VARCHAR" property="phone2" />
    <result column="email" jdbcType="VARCHAR" property="email" />
    <result column="qq" jdbcType="VARCHAR" property="qq" />
    <result column="address" jdbcType="VARCHAR" property="address" />
    <result column="pic_face" jdbcType="VARCHAR" property="picFace" />
    <result column="pic_card" jdbcType="VARCHAR" property="picCard" />
    <result column="pic_edu" jdbcType="VARCHAR" property="picEdu" />
    <result column="enrollment_date" jdbcType="TIMESTAMP" property="enrollmentDate" />
    <result column="nation" jdbcType="VARCHAR" property="nation" />
    <result column="work_in" jdbcType="VARCHAR" property="workIn" />
    <result column="work_post" jdbcType="VARCHAR" property="workPost" />
    <result column="graduate_institutions" jdbcType="VARCHAR" property="graduateInstitutions" />
    <result column="graduation_certificate_no" jdbcType="VARCHAR" property="graduationCertificateNo" />
    <result column="other_pic" jdbcType="VARCHAR" property="otherPic" />
    <result column="need_degree" jdbcType="INTEGER" property="needDegree" />
    <result column="description" jdbcType="VARCHAR" property="description" />
    <result column="birthday" jdbcType="DATE" property="birthday" />
    <result column="province_code" jdbcType="VARCHAR" property="provinceCode" />
    <result column="city_code" jdbcType="VARCHAR" property="cityCode" />
    <result column="address_detail" jdbcType="VARCHAR" property="addressDetail" />
    <result column="area_code" jdbcType="VARCHAR" property="areaCode" />
    <result column="phone_bind" jdbcType="INTEGER" property="phoneBind" />
    <result column="sos_phone" jdbcType="VARCHAR" property="sosPhone" />
    <result column="sos_address" jdbcType="VARCHAR" property="sosAddress" />
  </resultMap>
  <sql id="Base_Column_List">
    id, student_info_id, sex, educational_background, educational, old_prefession, recruit_point_id, 
    register_point_id, batch_id, phone, phone2, email, qq, address, pic_face, pic_card, 
    pic_edu, enrollment_date, nation, work_in, work_post, graduate_institutions, graduation_certificate_no, 
    other_pic, need_degree, description, birthday, province_code, city_code, address_detail, 
    area_code, phone_bind, sos_phone, sos_address
  </sql>
  <select id="selectByPrimaryKey" parameterType="java.lang.Integer" resultMap="BaseResultMap">
    select 
    <include refid="Base_Column_List" />
    from student_info_detail
    where id = #{id,jdbcType=INTEGER}
  </select>
  <delete id="deleteByPrimaryKey" parameterType="java.lang.Integer">
    delete from student_info_detail
    where id = #{id,jdbcType=INTEGER}
  </delete>
  <insert id="insert" parameterType="com.juwen.ibc.pojo.StudentInfoDetail">
    insert into student_info_detail (id, student_info_id, sex, 
      educational_background, educational, old_prefession, 
      recruit_point_id, register_point_id, batch_id, 
      phone, phone2, email, 
      qq, address, pic_face, 
      pic_card, pic_edu, enrollment_date, 
      nation, work_in, work_post, 
      graduate_institutions, graduation_certificate_no, 
      other_pic, need_degree, description, 
      birthday, province_code, city_code, 
      address_detail, area_code, phone_bind, 
      sos_phone, sos_address)
    values (#{id,jdbcType=INTEGER}, #{studentInfoId,jdbcType=INTEGER}, #{sex,jdbcType=CHAR}, 
      #{educationalBackground,jdbcType=INTEGER}, #{educational,jdbcType=INTEGER}, #{oldPrefession,jdbcType=INTEGER}, 
      #{recruitPointId,jdbcType=INTEGER}, #{registerPointId,jdbcType=INTEGER}, #{batchId,jdbcType=INTEGER}, 
      #{phone,jdbcType=VARCHAR}, #{phone2,jdbcType=VARCHAR}, #{email,jdbcType=VARCHAR}, 
      #{qq,jdbcType=VARCHAR}, #{address,jdbcType=VARCHAR}, #{picFace,jdbcType=VARCHAR}, 
      #{picCard,jdbcType=VARCHAR}, #{picEdu,jdbcType=VARCHAR}, #{enrollmentDate,jdbcType=TIMESTAMP}, 
      #{nation,jdbcType=VARCHAR}, #{workIn,jdbcType=VARCHAR}, #{workPost,jdbcType=VARCHAR}, 
      #{graduateInstitutions,jdbcType=VARCHAR}, #{graduationCertificateNo,jdbcType=VARCHAR}, 
      #{otherPic,jdbcType=VARCHAR}, #{needDegree,jdbcType=INTEGER}, #{description,jdbcType=VARCHAR}, 
      #{birthday,jdbcType=DATE}, #{provinceCode,jdbcType=VARCHAR}, #{cityCode,jdbcType=VARCHAR}, 
      #{addressDetail,jdbcType=VARCHAR}, #{areaCode,jdbcType=VARCHAR}, #{phoneBind,jdbcType=INTEGER}, 
      #{sosPhone,jdbcType=VARCHAR}, #{sosAddress,jdbcType=VARCHAR})
  </insert>
  <insert id="insertSelective" parameterType="com.juwen.ibc.pojo.StudentInfoDetail">
    insert into student_info_detail
    <trim prefix="(" suffix=")" suffixOverrides=",">
      <if test="id != null">
        id,
      </if>
      <if test="studentInfoId != null">
        student_info_id,
      </if>
      <if test="sex != null">
        sex,
      </if>
      <if test="educationalBackground != null">
        educational_background,
      </if>
      <if test="educational != null">
        educational,
      </if>
      <if test="oldPrefession != null">
        old_prefession,
      </if>
      <if test="recruitPointId != null">
        recruit_point_id,
      </if>
      <if test="registerPointId != null">
        register_point_id,
      </if>
      <if test="batchId != null">
        batch_id,
      </if>
      <if test="phone != null">
        phone,
      </if>
      <if test="phone2 != null">
        phone2,
      </if>
      <if test="email != null">
        email,
      </if>
      <if test="qq != null">
        qq,
      </if>
      <if test="address != null">
        address,
      </if>
      <if test="picFace != null">
        pic_face,
      </if>
      <if test="picCard != null">
        pic_card,
      </if>
      <if test="picEdu != null">
        pic_edu,
      </if>
      <if test="enrollmentDate != null">
        enrollment_date,
      </if>
      <if test="nation != null">
        nation,
      </if>
      <if test="workIn != null">
        work_in,
      </if>
      <if test="workPost != null">
        work_post,
      </if>
      <if test="graduateInstitutions != null">
        graduate_institutions,
      </if>
      <if test="graduationCertificateNo != null">
        graduation_certificate_no,
      </if>
      <if test="otherPic != null">
        other_pic,
      </if>
      <if test="needDegree != null">
        need_degree,
      </if>
      <if test="description != null">
        description,
      </if>
      <if test="birthday != null">
        birthday,
      </if>
      <if test="provinceCode != null">
        province_code,
      </if>
      <if test="cityCode != null">
        city_code,
      </if>
      <if test="addressDetail != null">
        address_detail,
      </if>
      <if test="areaCode != null">
        area_code,
      </if>
      <if test="phoneBind != null">
        phone_bind,
      </if>
      <if test="sosPhone != null">
        sos_phone,
      </if>
      <if test="sosAddress != null">
        sos_address,
      </if>
    </trim>
    <trim prefix="values (" suffix=")" suffixOverrides=",">
      <if test="id != null">
        #{id,jdbcType=INTEGER},
      </if>
      <if test="studentInfoId != null">
        #{studentInfoId,jdbcType=INTEGER},
      </if>
      <if test="sex != null">
        #{sex,jdbcType=CHAR},
      </if>
      <if test="educationalBackground != null">
        #{educationalBackground,jdbcType=INTEGER},
      </if>
      <if test="educational != null">
        #{educational,jdbcType=INTEGER},
      </if>
      <if test="oldPrefession != null">
        #{oldPrefession,jdbcType=INTEGER},
      </if>
      <if test="recruitPointId != null">
        #{recruitPointId,jdbcType=INTEGER},
      </if>
      <if test="registerPointId != null">
        #{registerPointId,jdbcType=INTEGER},
      </if>
      <if test="batchId != null">
        #{batchId,jdbcType=INTEGER},
      </if>
      <if test="phone != null">
        #{phone,jdbcType=VARCHAR},
      </if>
      <if test="phone2 != null">
        #{phone2,jdbcType=VARCHAR},
      </if>
      <if test="email != null">
        #{email,jdbcType=VARCHAR},
      </if>
      <if test="qq != null">
        #{qq,jdbcType=VARCHAR},
      </if>
      <if test="address != null">
        #{address,jdbcType=VARCHAR},
      </if>
      <if test="picFace != null">
        #{picFace,jdbcType=VARCHAR},
      </if>
      <if test="picCard != null">
        #{picCard,jdbcType=VARCHAR},
      </if>
      <if test="picEdu != null">
        #{picEdu,jdbcType=VARCHAR},
      </if>
      <if test="enrollmentDate != null">
        #{enrollmentDate,jdbcType=TIMESTAMP},
      </if>
      <if test="nation != null">
        #{nation,jdbcType=VARCHAR},
      </if>
      <if test="workIn != null">
        #{workIn,jdbcType=VARCHAR},
      </if>
      <if test="workPost != null">
        #{workPost,jdbcType=VARCHAR},
      </if>
      <if test="graduateInstitutions != null">
        #{graduateInstitutions,jdbcType=VARCHAR},
      </if>
      <if test="graduationCertificateNo != null">
        #{graduationCertificateNo,jdbcType=VARCHAR},
      </if>
      <if test="otherPic != null">
        #{otherPic,jdbcType=VARCHAR},
      </if>
      <if test="needDegree != null">
        #{needDegree,jdbcType=INTEGER},
      </if>
      <if test="description != null">
        #{description,jdbcType=VARCHAR},
      </if>
      <if test="birthday != null">
        #{birthday,jdbcType=DATE},
      </if>
      <if test="provinceCode != null">
        #{provinceCode,jdbcType=VARCHAR},
      </if>
      <if test="cityCode != null">
        #{cityCode,jdbcType=VARCHAR},
      </if>
      <if test="addressDetail != null">
        #{addressDetail,jdbcType=VARCHAR},
      </if>
      <if test="areaCode != null">
        #{areaCode,jdbcType=VARCHAR},
      </if>
      <if test="phoneBind != null">
        #{phoneBind,jdbcType=INTEGER},
      </if>
      <if test="sosPhone != null">
        #{sosPhone,jdbcType=VARCHAR},
      </if>
      <if test="sosAddress != null">
        #{sosAddress,jdbcType=VARCHAR},
      </if>
    </trim>
  </insert>
  <update id="updateByPrimaryKeySelective" parameterType="com.juwen.ibc.pojo.StudentInfoDetail">
    update student_info_detail
    <set>
      <if test="studentInfoId != null">
        student_info_id = #{studentInfoId,jdbcType=INTEGER},
      </if>
      <if test="sex != null">
        sex = #{sex,jdbcType=CHAR},
      </if>
      <if test="educationalBackground != null">
        educational_background = #{educationalBackground,jdbcType=INTEGER},
      </if>
      <if test="educational != null">
        educational = #{educational,jdbcType=INTEGER},
      </if>
      <if test="oldPrefession != null">
        old_prefession = #{oldPrefession,jdbcType=INTEGER},
      </if>
      <if test="recruitPointId != null">
        recruit_point_id = #{recruitPointId,jdbcType=INTEGER},
      </if>
      <if test="registerPointId != null">
        register_point_id = #{registerPointId,jdbcType=INTEGER},
      </if>
      <if test="batchId != null">
        batch_id = #{batchId,jdbcType=INTEGER},
      </if>
      <if test="phone != null">
        phone = #{phone,jdbcType=VARCHAR},
      </if>
      <if test="phone2 != null">
        phone2 = #{phone2,jdbcType=VARCHAR},
      </if>
      <if test="email != null">
        email = #{email,jdbcType=VARCHAR},
      </if>
      <if test="qq != null">
        qq = #{qq,jdbcType=VARCHAR},
      </if>
      <if test="address != null">
        address = #{address,jdbcType=VARCHAR},
      </if>
      <if test="picFace != null">
        pic_face = #{picFace,jdbcType=VARCHAR},
      </if>
      <if test="picCard != null">
        pic_card = #{picCard,jdbcType=VARCHAR},
      </if>
      <if test="picEdu != null">
        pic_edu = #{picEdu,jdbcType=VARCHAR},
      </if>
      <if test="enrollmentDate != null">
        enrollment_date = #{enrollmentDate,jdbcType=TIMESTAMP},
      </if>
      <if test="nation != null">
        nation = #{nation,jdbcType=VARCHAR},
      </if>
      <if test="workIn != null">
        work_in = #{workIn,jdbcType=VARCHAR},
      </if>
      <if test="workPost != null">
        work_post = #{workPost,jdbcType=VARCHAR},
      </if>
      <if test="graduateInstitutions != null">
        graduate_institutions = #{graduateInstitutions,jdbcType=VARCHAR},
      </if>
      <if test="graduationCertificateNo != null">
        graduation_certificate_no = #{graduationCertificateNo,jdbcType=VARCHAR},
      </if>
      <if test="otherPic != null">
        other_pic = #{otherPic,jdbcType=VARCHAR},
      </if>
      <if test="needDegree != null">
        need_degree = #{needDegree,jdbcType=INTEGER},
      </if>
      <if test="description != null">
        description = #{description,jdbcType=VARCHAR},
      </if>
      <if test="birthday != null">
        birthday = #{birthday,jdbcType=DATE},
      </if>
      <if test="provinceCode != null">
        province_code = #{provinceCode,jdbcType=VARCHAR},
      </if>
      <if test="cityCode != null">
        city_code = #{cityCode,jdbcType=VARCHAR},
      </if>
      <if test="addressDetail != null">
        address_detail = #{addressDetail,jdbcType=VARCHAR},
      </if>
      <if test="areaCode != null">
        area_code = #{areaCode,jdbcType=VARCHAR},
      </if>
      <if test="phoneBind != null">
        phone_bind = #{phoneBind,jdbcType=INTEGER},
      </if>
      <if test="sosPhone != null">
        sos_phone = #{sosPhone,jdbcType=VARCHAR},
      </if>
      <if test="sosAddress != null">
        sos_address = #{sosAddress,jdbcType=VARCHAR},
      </if>
    </set>
    where id = #{id,jdbcType=INTEGER}
  </update>
  <update id="updateByPrimaryKey" parameterType="com.juwen.ibc.pojo.StudentInfoDetail">
    update student_info_detail
    set student_info_id = #{studentInfoId,jdbcType=INTEGER},
      sex = #{sex,jdbcType=CHAR},
      educational_background = #{educationalBackground,jdbcType=INTEGER},
      educational = #{educational,jdbcType=INTEGER},
      old_prefession = #{oldPrefession,jdbcType=INTEGER},
      recruit_point_id = #{recruitPointId,jdbcType=INTEGER},
      register_point_id = #{registerPointId,jdbcType=INTEGER},
      batch_id = #{batchId,jdbcType=INTEGER},
      phone = #{phone,jdbcType=VARCHAR},
      phone2 = #{phone2,jdbcType=VARCHAR},
      email = #{email,jdbcType=VARCHAR},
      qq = #{qq,jdbcType=VARCHAR},
      address = #{address,jdbcType=VARCHAR},
      pic_face = #{picFace,jdbcType=VARCHAR},
      pic_card = #{picCard,jdbcType=VARCHAR},
      pic_edu = #{picEdu,jdbcType=VARCHAR},
      enrollment_date = #{enrollmentDate,jdbcType=TIMESTAMP},
      nation = #{nation,jdbcType=VARCHAR},
      work_in = #{workIn,jdbcType=VARCHAR},
      work_post = #{workPost,jdbcType=VARCHAR},
      graduate_institutions = #{graduateInstitutions,jdbcType=VARCHAR},
      graduation_certificate_no = #{graduationCertificateNo,jdbcType=VARCHAR},
      other_pic = #{otherPic,jdbcType=VARCHAR},
      need_degree = #{needDegree,jdbcType=INTEGER},
      description = #{description,jdbcType=VARCHAR},
      birthday = #{birthday,jdbcType=DATE},
      province_code = #{provinceCode,jdbcType=VARCHAR},
      city_code = #{cityCode,jdbcType=VARCHAR},
      address_detail = #{addressDetail,jdbcType=VARCHAR},
      area_code = #{areaCode,jdbcType=VARCHAR},
      phone_bind = #{phoneBind,jdbcType=INTEGER},
      sos_phone = #{sosPhone,jdbcType=VARCHAR},
      sos_address = #{sosAddress,jdbcType=VARCHAR}
    where id = #{id,jdbcType=INTEGER}
  </update>
</mapper>