<?xml version="1.0" encoding="UTF-8"?>
<!DOCTYPE mapper PUBLIC "-//mybatis.org//DTD Mapper 3.0//EN" "http://mybatis.org/dtd/mybatis-3-mapper.dtd">
<mapper namespace="com.juwen.ibc.dao.ISubjectErrorCorrectionDAO">
  <resultMap id="BaseResultMap" type="com.juwen.ibc.pojo.SubjectErrorCorrection">
    <id column="id" jdbcType="INTEGER" property="id" />
    <result column="student_info_id" jdbcType="INTEGER" property="studentInfoId" />
    <result column="type" jdbcType="INTEGER" property="type" />
    <result column="source_table" jdbcType="VARCHAR" property="sourceTable" />
    <result column="bussiness_id" jdbcType="INTEGER" property="bussinessId" />
    <result column="contents" jdbcType="VARCHAR" property="contents" />
    <result column="status" jdbcType="INTEGER" property="status" />
    <result column="create_at" jdbcType="TIMESTAMP" property="createAt" />
    <result column="error_type" jdbcType="INTEGER" property="errorType" />
  </resultMap>
  <sql id="Base_Column_List">
    id, student_info_id, type, source_table, bussiness_id, contents, status, create_at, 
    error_type
  </sql>
  <select id="selectByPrimaryKey" parameterType="java.lang.Integer" resultMap="BaseResultMap">
    select 
    <include refid="Base_Column_List" />
    from subject_error_correction
    where id = #{id,jdbcType=INTEGER}
  </select>
  <delete id="deleteByPrimaryKey" parameterType="java.lang.Integer">
    delete from subject_error_correction
    where id = #{id,jdbcType=INTEGER}
  </delete>
  <insert id="insert" parameterType="com.juwen.ibc.pojo.SubjectErrorCorrection">
    insert into subject_error_correction (id, student_info_id, type, 
      source_table, bussiness_id, contents, 
      status, create_at, error_type
      )
    values (#{id,jdbcType=INTEGER}, #{studentInfoId,jdbcType=INTEGER}, #{type,jdbcType=INTEGER}, 
      #{sourceTable,jdbcType=VARCHAR}, #{bussinessId,jdbcType=INTEGER}, #{contents,jdbcType=VARCHAR}, 
      #{status,jdbcType=INTEGER}, #{createAt,jdbcType=TIMESTAMP}, #{errorType,jdbcType=INTEGER}
      )
  </insert>
  <insert id="insertSelective" parameterType="com.juwen.ibc.pojo.SubjectErrorCorrection">
    insert into subject_error_correction
    <trim prefix="(" suffix=")" suffixOverrides=",">
      <if test="id != null">
        id,
      </if>
      <if test="studentInfoId != null">
        student_info_id,
      </if>
      <if test="type != null">
        type,
      </if>
      <if test="sourceTable != null">
        source_table,
      </if>
      <if test="bussinessId != null">
        bussiness_id,
      </if>
      <if test="contents != null">
        contents,
      </if>
      <if test="status != null">
        status,
      </if>
      <if test="createAt != null">
        create_at,
      </if>
      <if test="errorType != null">
        error_type,
      </if>
    </trim>
    <trim prefix="values (" suffix=")" suffixOverrides=",">
      <if test="id != null">
        #{id,jdbcType=INTEGER},
      </if>
      <if test="studentInfoId != null">
        #{studentInfoId,jdbcType=INTEGER},
      </if>
      <if test="type != null">
        #{type,jdbcType=INTEGER},
      </if>
      <if test="sourceTable != null">
        #{sourceTable,jdbcType=VARCHAR},
      </if>
      <if test="bussinessId != null">
        #{bussinessId,jdbcType=INTEGER},
      </if>
      <if test="contents != null">
        #{contents,jdbcType=VARCHAR},
      </if>
      <if test="status != null">
        #{status,jdbcType=INTEGER},
      </if>
      <if test="createAt != null">
        #{createAt,jdbcType=TIMESTAMP},
      </if>
      <if test="errorType != null">
        #{errorType,jdbcType=INTEGER},
      </if>
    </trim>
  </insert>
  <update id="updateByPrimaryKeySelective" parameterType="com.juwen.ibc.pojo.SubjectErrorCorrection">
    update subject_error_correction
    <set>
      <if test="studentInfoId != null">
        student_info_id = #{studentInfoId,jdbcType=INTEGER},
      </if>
      <if test="type != null">
        type = #{type,jdbcType=INTEGER},
      </if>
      <if test="sourceTable != null">
        source_table = #{sourceTable,jdbcType=VARCHAR},
      </if>
      <if test="bussinessId != null">
        bussiness_id = #{bussinessId,jdbcType=INTEGER},
      </if>
      <if test="contents != null">
        contents = #{contents,jdbcType=VARCHAR},
      </if>
      <if test="status != null">
        status = #{status,jdbcType=INTEGER},
      </if>
      <if test="createAt != null">
        create_at = #{createAt,jdbcType=TIMESTAMP},
      </if>
      <if test="errorType != null">
        error_type = #{errorType,jdbcType=INTEGER},
      </if>
    </set>
    where id = #{id,jdbcType=INTEGER}
  </update>
  <update id="updateByPrimaryKey" parameterType="com.juwen.ibc.pojo.SubjectErrorCorrection">
    update subject_error_correction
    set student_info_id = #{studentInfoId,jdbcType=INTEGER},
      type = #{type,jdbcType=INTEGER},
      source_table = #{sourceTable,jdbcType=VARCHAR},
      bussiness_id = #{bussinessId,jdbcType=INTEGER},
      contents = #{contents,jdbcType=VARCHAR},
      status = #{status,jdbcType=INTEGER},
      create_at = #{createAt,jdbcType=TIMESTAMP},
      error_type = #{errorType,jdbcType=INTEGER}
    where id = #{id,jdbcType=INTEGER}
  </update>
</mapper>