<?xml version="1.0" encoding="UTF-8"?>
<!DOCTYPE mapper PUBLIC "-//mybatis.org//DTD Mapper 3.0//EN" "http://mybatis.org/dtd/mybatis-3-mapper.dtd">
<mapper namespace="com.juwen.ibc.dao.ISystemStudentFileDataProfessionDAO">
  <resultMap id="BaseResultMap" type="com.juwen.ibc.pojo.SystemStudentFileDataProfession">
    <id column="id" jdbcType="INTEGER" property="id" />
    <result column="system_student_file_data_id" jdbcType="INTEGER" property="systemStudentFileDataId" />
    <result column="profession_id" jdbcType="INTEGER" property="professionId" />
    <result column="system_student_file_data_new_id" jdbcType="VARCHAR" property="systemStudentFileDataNewId" />
    <result column="profession_new_id" jdbcType="VARCHAR" property="professionNewId" />
  </resultMap>
  <sql id="Base_Column_List">
    id, system_student_file_data_id, profession_id, system_student_file_data_new_id, 
    profession_new_id
  </sql>
  <select id="selectByPrimaryKey" parameterType="java.lang.Integer" resultMap="BaseResultMap">
    select 
    <include refid="Base_Column_List" />
    from system_student_file_data_profession
    where id = #{id,jdbcType=INTEGER}
  </select>
  <delete id="deleteByPrimaryKey" parameterType="java.lang.Integer">
    delete from system_student_file_data_profession
    where id = #{id,jdbcType=INTEGER}
  </delete>
  <insert id="insert" parameterType="com.juwen.ibc.pojo.SystemStudentFileDataProfession">
    insert into system_student_file_data_profession (id, system_student_file_data_id, profession_id, 
      system_student_file_data_new_id, profession_new_id
      )
    values (#{id,jdbcType=INTEGER}, #{systemStudentFileDataId,jdbcType=INTEGER}, #{professionId,jdbcType=INTEGER}, 
      #{systemStudentFileDataNewId,jdbcType=VARCHAR}, #{professionNewId,jdbcType=VARCHAR}
      )
  </insert>
  <insert id="insertSelective" parameterType="com.juwen.ibc.pojo.SystemStudentFileDataProfession">
    insert into system_student_file_data_profession
    <trim prefix="(" suffix=")" suffixOverrides=",">
      <if test="id != null">
        id,
      </if>
      <if test="systemStudentFileDataId != null">
        system_student_file_data_id,
      </if>
      <if test="professionId != null">
        profession_id,
      </if>
      <if test="systemStudentFileDataNewId != null">
        system_student_file_data_new_id,
      </if>
      <if test="professionNewId != null">
        profession_new_id,
      </if>
    </trim>
    <trim prefix="values (" suffix=")" suffixOverrides=",">
      <if test="id != null">
        #{id,jdbcType=INTEGER},
      </if>
      <if test="systemStudentFileDataId != null">
        #{systemStudentFileDataId,jdbcType=INTEGER},
      </if>
      <if test="professionId != null">
        #{professionId,jdbcType=INTEGER},
      </if>
      <if test="systemStudentFileDataNewId != null">
        #{systemStudentFileDataNewId,jdbcType=VARCHAR},
      </if>
      <if test="professionNewId != null">
        #{professionNewId,jdbcType=VARCHAR},
      </if>
    </trim>
  </insert>
  <update id="updateByPrimaryKeySelective" parameterType="com.juwen.ibc.pojo.SystemStudentFileDataProfession">
    update system_student_file_data_profession
    <set>
      <if test="systemStudentFileDataId != null">
        system_student_file_data_id = #{systemStudentFileDataId,jdbcType=INTEGER},
      </if>
      <if test="professionId != null">
        profession_id = #{professionId,jdbcType=INTEGER},
      </if>
      <if test="systemStudentFileDataNewId != null">
        system_student_file_data_new_id = #{systemStudentFileDataNewId,jdbcType=VARCHAR},
      </if>
      <if test="professionNewId != null">
        profession_new_id = #{professionNewId,jdbcType=VARCHAR},
      </if>
    </set>
    where id = #{id,jdbcType=INTEGER}
  </update>
  <update id="updateByPrimaryKey" parameterType="com.juwen.ibc.pojo.SystemStudentFileDataProfession">
    update system_student_file_data_profession
    set system_student_file_data_id = #{systemStudentFileDataId,jdbcType=INTEGER},
      profession_id = #{professionId,jdbcType=INTEGER},
      system_student_file_data_new_id = #{systemStudentFileDataNewId,jdbcType=VARCHAR},
      profession_new_id = #{professionNewId,jdbcType=VARCHAR}
    where id = #{id,jdbcType=INTEGER}
  </update>
</mapper>