<?xml version="1.0" encoding="UTF-8"?>
<!DOCTYPE mapper PUBLIC "-//mybatis.org//DTD Mapper 3.0//EN" "http://mybatis.org/dtd/mybatis-3-mapper.dtd">
<mapper namespace="com.juwen.ibc.dao.ISystemMessageDAO">
  <resultMap id="BaseResultMap" type="com.juwen.ibc.pojo.SystemMessage">
    <id column="id" jdbcType="INTEGER" property="id" />
    <result column="title" jdbcType="VARCHAR" property="title" />
    <result column="detail" jdbcType="VARCHAR" property="detail" />
    <result column="type" jdbcType="INTEGER" property="type" />
    <result column="status" jdbcType="INTEGER" property="status" />
    <result column="create_at" jdbcType="TIMESTAMP" property="createAt" />
    <result column="list_order" jdbcType="INTEGER" property="listOrder" />
    <result column="bussiness_id" jdbcType="INTEGER" property="bussinessId" />
    <result column="read_status" jdbcType="INTEGER" property="readStatus" />
    <result column="branch_id" jdbcType="INTEGER" property="branchId" />
    <result column="batch_id" jdbcType="INTEGER" property="batchId" />
    <result column="category_id" jdbcType="INTEGER" property="categoryId" />
    <result column="educational" jdbcType="INTEGER" property="educational" />
    <result column="school_id" jdbcType="INTEGER" property="schoolId" />
    <result column="professional_id" jdbcType="INTEGER" property="professionalId" />
    <result column="student_status_id" jdbcType="INTEGER" property="studentStatusId" />
    <result column="admin_id" jdbcType="INTEGER" property="adminId" />
  </resultMap>
  <sql id="Base_Column_List">
    id, title, detail, type, status, create_at, list_order, bussiness_id, read_status, 
    branch_id, batch_id, category_id, educational, school_id, professional_id, student_status_id, 
    admin_id
  </sql>
  <select id="selectByPrimaryKey" parameterType="java.lang.Integer" resultMap="BaseResultMap">
    select 
    <include refid="Base_Column_List" />
    from system_message
    where id = #{id,jdbcType=INTEGER}
  </select>
  <delete id="deleteByPrimaryKey" parameterType="java.lang.Integer">
    delete from system_message
    where id = #{id,jdbcType=INTEGER}
  </delete>
  <insert id="insert" parameterType="com.juwen.ibc.pojo.SystemMessage">
    insert into system_message (id, title, detail, 
      type, status, create_at, 
      list_order, bussiness_id, read_status, 
      branch_id, batch_id, category_id, 
      educational, school_id, professional_id, 
      student_status_id, admin_id)
    values (#{id,jdbcType=INTEGER}, #{title,jdbcType=VARCHAR}, #{detail,jdbcType=VARCHAR}, 
      #{type,jdbcType=INTEGER}, #{status,jdbcType=INTEGER}, #{createAt,jdbcType=TIMESTAMP}, 
      #{listOrder,jdbcType=INTEGER}, #{bussinessId,jdbcType=INTEGER}, #{readStatus,jdbcType=INTEGER}, 
      #{branchId,jdbcType=INTEGER}, #{batchId,jdbcType=INTEGER}, #{categoryId,jdbcType=INTEGER}, 
      #{educational,jdbcType=INTEGER}, #{schoolId,jdbcType=INTEGER}, #{professionalId,jdbcType=INTEGER}, 
      #{studentStatusId,jdbcType=INTEGER}, #{adminId,jdbcType=INTEGER})
  </insert>
  <insert id="insertSelective" parameterType="com.juwen.ibc.pojo.SystemMessage">
    insert into system_message
    <trim prefix="(" suffix=")" suffixOverrides=",">
      <if test="id != null">
        id,
      </if>
      <if test="title != null">
        title,
      </if>
      <if test="detail != null">
        detail,
      </if>
      <if test="type != null">
        type,
      </if>
      <if test="status != null">
        status,
      </if>
      <if test="createAt != null">
        create_at,
      </if>
      <if test="listOrder != null">
        list_order,
      </if>
      <if test="bussinessId != null">
        bussiness_id,
      </if>
      <if test="readStatus != null">
        read_status,
      </if>
      <if test="branchId != null">
        branch_id,
      </if>
      <if test="batchId != null">
        batch_id,
      </if>
      <if test="categoryId != null">
        category_id,
      </if>
      <if test="educational != null">
        educational,
      </if>
      <if test="schoolId != null">
        school_id,
      </if>
      <if test="professionalId != null">
        professional_id,
      </if>
      <if test="studentStatusId != null">
        student_status_id,
      </if>
      <if test="adminId != null">
        admin_id,
      </if>
    </trim>
    <trim prefix="values (" suffix=")" suffixOverrides=",">
      <if test="id != null">
        #{id,jdbcType=INTEGER},
      </if>
      <if test="title != null">
        #{title,jdbcType=VARCHAR},
      </if>
      <if test="detail != null">
        #{detail,jdbcType=VARCHAR},
      </if>
      <if test="type != null">
        #{type,jdbcType=INTEGER},
      </if>
      <if test="status != null">
        #{status,jdbcType=INTEGER},
      </if>
      <if test="createAt != null">
        #{createAt,jdbcType=TIMESTAMP},
      </if>
      <if test="listOrder != null">
        #{listOrder,jdbcType=INTEGER},
      </if>
      <if test="bussinessId != null">
        #{bussinessId,jdbcType=INTEGER},
      </if>
      <if test="readStatus != null">
        #{readStatus,jdbcType=INTEGER},
      </if>
      <if test="branchId != null">
        #{branchId,jdbcType=INTEGER},
      </if>
      <if test="batchId != null">
        #{batchId,jdbcType=INTEGER},
      </if>
      <if test="categoryId != null">
        #{categoryId,jdbcType=INTEGER},
      </if>
      <if test="educational != null">
        #{educational,jdbcType=INTEGER},
      </if>
      <if test="schoolId != null">
        #{schoolId,jdbcType=INTEGER},
      </if>
      <if test="professionalId != null">
        #{professionalId,jdbcType=INTEGER},
      </if>
      <if test="studentStatusId != null">
        #{studentStatusId,jdbcType=INTEGER},
      </if>
      <if test="adminId != null">
        #{adminId,jdbcType=INTEGER},
      </if>
    </trim>
  </insert>
  <update id="updateByPrimaryKeySelective" parameterType="com.juwen.ibc.pojo.SystemMessage">
    update system_message
    <set>
      <if test="title != null">
        title = #{title,jdbcType=VARCHAR},
      </if>
      <if test="detail != null">
        detail = #{detail,jdbcType=VARCHAR},
      </if>
      <if test="type != null">
        type = #{type,jdbcType=INTEGER},
      </if>
      <if test="status != null">
        status = #{status,jdbcType=INTEGER},
      </if>
      <if test="createAt != null">
        create_at = #{createAt,jdbcType=TIMESTAMP},
      </if>
      <if test="listOrder != null">
        list_order = #{listOrder,jdbcType=INTEGER},
      </if>
      <if test="bussinessId != null">
        bussiness_id = #{bussinessId,jdbcType=INTEGER},
      </if>
      <if test="readStatus != null">
        read_status = #{readStatus,jdbcType=INTEGER},
      </if>
      <if test="branchId != null">
        branch_id = #{branchId,jdbcType=INTEGER},
      </if>
      <if test="batchId != null">
        batch_id = #{batchId,jdbcType=INTEGER},
      </if>
      <if test="categoryId != null">
        category_id = #{categoryId,jdbcType=INTEGER},
      </if>
      <if test="educational != null">
        educational = #{educational,jdbcType=INTEGER},
      </if>
      <if test="schoolId != null">
        school_id = #{schoolId,jdbcType=INTEGER},
      </if>
      <if test="professionalId != null">
        professional_id = #{professionalId,jdbcType=INTEGER},
      </if>
      <if test="studentStatusId != null">
        student_status_id = #{studentStatusId,jdbcType=INTEGER},
      </if>
      <if test="adminId != null">
        admin_id = #{adminId,jdbcType=INTEGER},
      </if>
    </set>
    where id = #{id,jdbcType=INTEGER}
  </update>
  <update id="updateByPrimaryKey" parameterType="com.juwen.ibc.pojo.SystemMessage">
    update system_message
    set title = #{title,jdbcType=VARCHAR},
      detail = #{detail,jdbcType=VARCHAR},
      type = #{type,jdbcType=INTEGER},
      status = #{status,jdbcType=INTEGER},
      create_at = #{createAt,jdbcType=TIMESTAMP},
      list_order = #{listOrder,jdbcType=INTEGER},
      bussiness_id = #{bussinessId,jdbcType=INTEGER},
      read_status = #{readStatus,jdbcType=INTEGER},
      branch_id = #{branchId,jdbcType=INTEGER},
      batch_id = #{batchId,jdbcType=INTEGER},
      category_id = #{categoryId,jdbcType=INTEGER},
      educational = #{educational,jdbcType=INTEGER},
      school_id = #{schoolId,jdbcType=INTEGER},
      professional_id = #{professionalId,jdbcType=INTEGER},
      student_status_id = #{studentStatusId,jdbcType=INTEGER},
      admin_id = #{adminId,jdbcType=INTEGER}
    where id = #{id,jdbcType=INTEGER}
  </update>
</mapper>