<?xml version="1.0" encoding="UTF-8"?>
<!DOCTYPE mapper PUBLIC "-//mybatis.org//DTD Mapper 3.0//EN" "http://mybatis.org/dtd/mybatis-3-mapper.dtd">
<mapper namespace="com.juwen.ibc.dao.ISystemVideoDAO">
  <resultMap id="BaseResultMap" type="com.juwen.ibc.pojo.SystemVideo">
    <id column="id" jdbcType="INTEGER" property="id" />
    <result column="name" jdbcType="VARCHAR" property="name" />
    <result column="price" jdbcType="DECIMAL" property="price" />
    <result column="for_sale" jdbcType="INTEGER" property="forSale" />
    <result column="preview_url" jdbcType="VARCHAR" property="previewUrl" />
    <result column="image_url" jdbcType="VARCHAR" property="imageUrl" />
    <result column="descrptions" jdbcType="VARCHAR" property="descrptions" />
    <result column="operator_name" jdbcType="VARCHAR" property="operatorName" />
    <result column="list_order" jdbcType="INTEGER" property="listOrder" />
    <result column="status" jdbcType="INTEGER" property="status" />
    <result column="create_at" jdbcType="TIMESTAMP" property="createAt" />
  </resultMap>
  <sql id="Base_Column_List">
    id, name, price, for_sale, preview_url, image_url, descrptions, operator_name, list_order, 
    status, create_at
  </sql>
  <select id="selectByPrimaryKey" parameterType="java.lang.Integer" resultMap="BaseResultMap">
    select 
    <include refid="Base_Column_List" />
    from system_video
    where id = #{id,jdbcType=INTEGER}
  </select>
  <delete id="deleteByPrimaryKey" parameterType="java.lang.Integer">
    delete from system_video
    where id = #{id,jdbcType=INTEGER}
  </delete>
  <insert id="insert" parameterType="com.juwen.ibc.pojo.SystemVideo">
    insert into system_video (id, name, price, 
      for_sale, preview_url, image_url, 
      descrptions, operator_name, list_order, 
      status, create_at)
    values (#{id,jdbcType=INTEGER}, #{name,jdbcType=VARCHAR}, #{price,jdbcType=DECIMAL}, 
      #{forSale,jdbcType=INTEGER}, #{previewUrl,jdbcType=VARCHAR}, #{imageUrl,jdbcType=VARCHAR}, 
      #{descrptions,jdbcType=VARCHAR}, #{operatorName,jdbcType=VARCHAR}, #{listOrder,jdbcType=INTEGER}, 
      #{status,jdbcType=INTEGER}, #{createAt,jdbcType=TIMESTAMP})
  </insert>
  <insert id="insertSelective" parameterType="com.juwen.ibc.pojo.SystemVideo">
    insert into system_video
    <trim prefix="(" suffix=")" suffixOverrides=",">
      <if test="id != null">
        id,
      </if>
      <if test="name != null">
        name,
      </if>
      <if test="price != null">
        price,
      </if>
      <if test="forSale != null">
        for_sale,
      </if>
      <if test="previewUrl != null">
        preview_url,
      </if>
      <if test="imageUrl != null">
        image_url,
      </if>
      <if test="descrptions != null">
        descrptions,
      </if>
      <if test="operatorName != null">
        operator_name,
      </if>
      <if test="listOrder != null">
        list_order,
      </if>
      <if test="status != null">
        status,
      </if>
      <if test="createAt != null">
        create_at,
      </if>
    </trim>
    <trim prefix="values (" suffix=")" suffixOverrides=",">
      <if test="id != null">
        #{id,jdbcType=INTEGER},
      </if>
      <if test="name != null">
        #{name,jdbcType=VARCHAR},
      </if>
      <if test="price != null">
        #{price,jdbcType=DECIMAL},
      </if>
      <if test="forSale != null">
        #{forSale,jdbcType=INTEGER},
      </if>
      <if test="previewUrl != null">
        #{previewUrl,jdbcType=VARCHAR},
      </if>
      <if test="imageUrl != null">
        #{imageUrl,jdbcType=VARCHAR},
      </if>
      <if test="descrptions != null">
        #{descrptions,jdbcType=VARCHAR},
      </if>
      <if test="operatorName != null">
        #{operatorName,jdbcType=VARCHAR},
      </if>
      <if test="listOrder != null">
        #{listOrder,jdbcType=INTEGER},
      </if>
      <if test="status != null">
        #{status,jdbcType=INTEGER},
      </if>
      <if test="createAt != null">
        #{createAt,jdbcType=TIMESTAMP},
      </if>
    </trim>
  </insert>
  <update id="updateByPrimaryKeySelective" parameterType="com.juwen.ibc.pojo.SystemVideo">
    update system_video
    <set>
      <if test="name != null">
        name = #{name,jdbcType=VARCHAR},
      </if>
      <if test="price != null">
        price = #{price,jdbcType=DECIMAL},
      </if>
      <if test="forSale != null">
        for_sale = #{forSale,jdbcType=INTEGER},
      </if>
      <if test="previewUrl != null">
        preview_url = #{previewUrl,jdbcType=VARCHAR},
      </if>
      <if test="imageUrl != null">
        image_url = #{imageUrl,jdbcType=VARCHAR},
      </if>
      <if test="descrptions != null">
        descrptions = #{descrptions,jdbcType=VARCHAR},
      </if>
      <if test="operatorName != null">
        operator_name = #{operatorName,jdbcType=VARCHAR},
      </if>
      <if test="listOrder != null">
        list_order = #{listOrder,jdbcType=INTEGER},
      </if>
      <if test="status != null">
        status = #{status,jdbcType=INTEGER},
      </if>
      <if test="createAt != null">
        create_at = #{createAt,jdbcType=TIMESTAMP},
      </if>
    </set>
    where id = #{id,jdbcType=INTEGER}
  </update>
  <update id="updateByPrimaryKey" parameterType="com.juwen.ibc.pojo.SystemVideo">
    update system_video
    set name = #{name,jdbcType=VARCHAR},
      price = #{price,jdbcType=DECIMAL},
      for_sale = #{forSale,jdbcType=INTEGER},
      preview_url = #{previewUrl,jdbcType=VARCHAR},
      image_url = #{imageUrl,jdbcType=VARCHAR},
      descrptions = #{descrptions,jdbcType=VARCHAR},
      operator_name = #{operatorName,jdbcType=VARCHAR},
      list_order = #{listOrder,jdbcType=INTEGER},
      status = #{status,jdbcType=INTEGER},
      create_at = #{createAt,jdbcType=TIMESTAMP}
    where id = #{id,jdbcType=INTEGER}
  </update>
</mapper>