<?xml version="1.0" encoding="UTF-8"?>
<!DOCTYPE mapper PUBLIC "-//mybatis.org//DTD Mapper 3.0//EN" "http://mybatis.org/dtd/mybatis-3-mapper.dtd">
<mapper namespace="com.juwen.ibc.dao.ISystemStudentFileDataCurriculumDAO">
  <resultMap id="BaseResultMap" type="com.juwen.ibc.pojo.SystemStudentFileDataCurriculum">
    <id column="id" jdbcType="INTEGER" property="id" />
    <result column="system_student_file_data_id" jdbcType="INTEGER" property="systemStudentFileDataId" />
    <result column="curriculum_id" jdbcType="INTEGER" property="curriculumId" />
    <result column="system_student_file_data_new_id" jdbcType="VARCHAR" property="systemStudentFileDataNewId" />
    <result column="curriculum_new_id" jdbcType="VARCHAR" property="curriculumNewId" />
  </resultMap>
  <sql id="Base_Column_List">
    id, system_student_file_data_id, curriculum_id, system_student_file_data_new_id, 
    curriculum_new_id
  </sql>
  <select id="selectByPrimaryKey" parameterType="java.lang.Integer" resultMap="BaseResultMap">
    select 
    <include refid="Base_Column_List" />
    from system_student_file_data_curriculum
    where id = #{id,jdbcType=INTEGER}
  </select>
  <delete id="deleteByPrimaryKey" parameterType="java.lang.Integer">
    delete from system_student_file_data_curriculum
    where id = #{id,jdbcType=INTEGER}
  </delete>
  <insert id="insert" parameterType="com.juwen.ibc.pojo.SystemStudentFileDataCurriculum">
    insert into system_student_file_data_curriculum (id, system_student_file_data_id, curriculum_id, 
      system_student_file_data_new_id, curriculum_new_id
      )
    values (#{id,jdbcType=INTEGER}, #{systemStudentFileDataId,jdbcType=INTEGER}, #{curriculumId,jdbcType=INTEGER}, 
      #{systemStudentFileDataNewId,jdbcType=VARCHAR}, #{curriculumNewId,jdbcType=VARCHAR}
      )
  </insert>
  <insert id="insertSelective" parameterType="com.juwen.ibc.pojo.SystemStudentFileDataCurriculum">
    insert into system_student_file_data_curriculum
    <trim prefix="(" suffix=")" suffixOverrides=",">
      <if test="id != null">
        id,
      </if>
      <if test="systemStudentFileDataId != null">
        system_student_file_data_id,
      </if>
      <if test="curriculumId != null">
        curriculum_id,
      </if>
      <if test="systemStudentFileDataNewId != null">
        system_student_file_data_new_id,
      </if>
      <if test="curriculumNewId != null">
        curriculum_new_id,
      </if>
    </trim>
    <trim prefix="values (" suffix=")" suffixOverrides=",">
      <if test="id != null">
        #{id,jdbcType=INTEGER},
      </if>
      <if test="systemStudentFileDataId != null">
        #{systemStudentFileDataId,jdbcType=INTEGER},
      </if>
      <if test="curriculumId != null">
        #{curriculumId,jdbcType=INTEGER},
      </if>
      <if test="systemStudentFileDataNewId != null">
        #{systemStudentFileDataNewId,jdbcType=VARCHAR},
      </if>
      <if test="curriculumNewId != null">
        #{curriculumNewId,jdbcType=VARCHAR},
      </if>
    </trim>
  </insert>
  <update id="updateByPrimaryKeySelective" parameterType="com.juwen.ibc.pojo.SystemStudentFileDataCurriculum">
    update system_student_file_data_curriculum
    <set>
      <if test="systemStudentFileDataId != null">
        system_student_file_data_id = #{systemStudentFileDataId,jdbcType=INTEGER},
      </if>
      <if test="curriculumId != null">
        curriculum_id = #{curriculumId,jdbcType=INTEGER},
      </if>
      <if test="systemStudentFileDataNewId != null">
        system_student_file_data_new_id = #{systemStudentFileDataNewId,jdbcType=VARCHAR},
      </if>
      <if test="curriculumNewId != null">
        curriculum_new_id = #{curriculumNewId,jdbcType=VARCHAR},
      </if>
    </set>
    where id = #{id,jdbcType=INTEGER}
  </update>
  <update id="updateByPrimaryKey" parameterType="com.juwen.ibc.pojo.SystemStudentFileDataCurriculum">
    update system_student_file_data_curriculum
    set system_student_file_data_id = #{systemStudentFileDataId,jdbcType=INTEGER},
      curriculum_id = #{curriculumId,jdbcType=INTEGER},
      system_student_file_data_new_id = #{systemStudentFileDataNewId,jdbcType=VARCHAR},
      curriculum_new_id = #{curriculumNewId,jdbcType=VARCHAR}
    where id = #{id,jdbcType=INTEGER}
  </update>
</mapper>