<?xml version="1.0" encoding="UTF-8"?>
<!DOCTYPE mapper PUBLIC "-//mybatis.org//DTD Mapper 3.0//EN" "http://mybatis.org/dtd/mybatis-3-mapper.dtd">
<mapper namespace="com.juwen.ibc.dao.IAppVersionDAO">
  <resultMap id="BaseResultMap" type="com.juwen.ibc.pojo.AppVersion">
    <id column="id" jdbcType="INTEGER" property="id" />
    <result column="code" jdbcType="VARCHAR" property="code" />
    <result column="description" jdbcType="VARCHAR" property="description" />
    <result column="create_at" jdbcType="TIMESTAMP" property="createAt" />
    <result column="client_type" jdbcType="INTEGER" property="clientType" />
    <result column="download_url" jdbcType="VARCHAR" property="downloadUrl" />
    <result column="update_type" jdbcType="CHAR" property="updateType" />
  </resultMap>
  <sql id="Base_Column_List">
    id, code, description, create_at, client_type, download_url, update_type
  </sql>
  <select id="selectByPrimaryKey" parameterType="java.lang.Integer" resultMap="BaseResultMap">
    select 
    <include refid="Base_Column_List" />
    from app_version
    where id = #{id,jdbcType=INTEGER}
  </select>
  <delete id="deleteByPrimaryKey" parameterType="java.lang.Integer">
    delete from app_version
    where id = #{id,jdbcType=INTEGER}
  </delete>
  <insert id="insert" parameterType="com.juwen.ibc.pojo.AppVersion">
    insert into app_version (id, code, description, 
      create_at, client_type, download_url, 
      update_type)
    values (#{id,jdbcType=INTEGER}, #{code,jdbcType=VARCHAR}, #{description,jdbcType=VARCHAR}, 
      #{createAt,jdbcType=TIMESTAMP}, #{clientType,jdbcType=INTEGER}, #{downloadUrl,jdbcType=VARCHAR}, 
      #{updateType,jdbcType=CHAR})
  </insert>
  <insert id="insertSelective" parameterType="com.juwen.ibc.pojo.AppVersion">
    insert into app_version
    <trim prefix="(" suffix=")" suffixOverrides=",">
      <if test="id != null">
        id,
      </if>
      <if test="code != null">
        code,
      </if>
      <if test="description != null">
        description,
      </if>
      <if test="createAt != null">
        create_at,
      </if>
      <if test="clientType != null">
        client_type,
      </if>
      <if test="downloadUrl != null">
        download_url,
      </if>
      <if test="updateType != null">
        update_type,
      </if>
    </trim>
    <trim prefix="values (" suffix=")" suffixOverrides=",">
      <if test="id != null">
        #{id,jdbcType=INTEGER},
      </if>
      <if test="code != null">
        #{code,jdbcType=VARCHAR},
      </if>
      <if test="description != null">
        #{description,jdbcType=VARCHAR},
      </if>
      <if test="createAt != null">
        #{createAt,jdbcType=TIMESTAMP},
      </if>
      <if test="clientType != null">
        #{clientType,jdbcType=INTEGER},
      </if>
      <if test="downloadUrl != null">
        #{downloadUrl,jdbcType=VARCHAR},
      </if>
      <if test="updateType != null">
        #{updateType,jdbcType=CHAR},
      </if>
    </trim>
  </insert>
  <update id="updateByPrimaryKeySelective" parameterType="com.juwen.ibc.pojo.AppVersion">
    update app_version
    <set>
      <if test="code != null">
        code = #{code,jdbcType=VARCHAR},
      </if>
      <if test="description != null">
        description = #{description,jdbcType=VARCHAR},
      </if>
      <if test="createAt != null">
        create_at = #{createAt,jdbcType=TIMESTAMP},
      </if>
      <if test="clientType != null">
        client_type = #{clientType,jdbcType=INTEGER},
      </if>
      <if test="downloadUrl != null">
        download_url = #{downloadUrl,jdbcType=VARCHAR},
      </if>
      <if test="updateType != null">
        update_type = #{updateType,jdbcType=CHAR},
      </if>
    </set>
    where id = #{id,jdbcType=INTEGER}
  </update>
  <update id="updateByPrimaryKey" parameterType="com.juwen.ibc.pojo.AppVersion">
    update app_version
    set code = #{code,jdbcType=VARCHAR},
      description = #{description,jdbcType=VARCHAR},
      create_at = #{createAt,jdbcType=TIMESTAMP},
      client_type = #{clientType,jdbcType=INTEGER},
      download_url = #{downloadUrl,jdbcType=VARCHAR},
      update_type = #{updateType,jdbcType=CHAR}
    where id = #{id,jdbcType=INTEGER}
  </update>
</mapper>