<?xml version="1.0" encoding="UTF-8"?>
<!DOCTYPE mapper PUBLIC "-//mybatis.org//DTD Mapper 3.0//EN" "http://mybatis.org/dtd/mybatis-3-mapper.dtd">
<mapper namespace="com.juwen.ibc.dao.IAutoSubjectDetailDAO">
  <resultMap id="BaseResultMap" type="com.juwen.ibc.pojo.AutoSubjectDetail">
    <id column="id" jdbcType="INTEGER" property="id" />
    <result column="auto_subject_id" jdbcType="INTEGER" property="autoSubjectId" />
    <result column="auto_subtype_id" jdbcType="INTEGER" property="autoSubtypeId" />
    <result column="create_at" jdbcType="TIMESTAMP" property="createAt" />
  </resultMap>
  <resultMap extends="BaseResultMap" id="ResultMapWithBLOBs" type="com.juwen.ibc.pojo.AutoSubjectDetailWithBLOBs">
    <result column="exam_point" jdbcType="LONGVARCHAR" property="examPoint" />
    <result column="page_number" jdbcType="LONGVARCHAR" property="pageNumber" />
    <result column="analysis" jdbcType="LONGVARCHAR" property="analysis" />
  </resultMap>
  <sql id="Base_Column_List">
    id, auto_subject_id, auto_subtype_id, create_at
  </sql>
  <sql id="Blob_Column_List">
    exam_point, page_number, analysis
  </sql>
  <select id="selectByPrimaryKey" parameterType="java.lang.Integer" resultMap="ResultMapWithBLOBs">
    select 
    <include refid="Base_Column_List" />
    ,
    <include refid="Blob_Column_List" />
    from auto_subject_detail
    where id = #{id,jdbcType=INTEGER}
  </select>
  <delete id="deleteByPrimaryKey" parameterType="java.lang.Integer">
    delete from auto_subject_detail
    where id = #{id,jdbcType=INTEGER}
  </delete>
  <insert id="insert" parameterType="com.juwen.ibc.pojo.AutoSubjectDetailWithBLOBs">
    insert into auto_subject_detail (id, auto_subject_id, auto_subtype_id, 
      create_at, exam_point, page_number, 
      analysis)
    values (#{id,jdbcType=INTEGER}, #{autoSubjectId,jdbcType=INTEGER}, #{autoSubtypeId,jdbcType=INTEGER}, 
      #{createAt,jdbcType=TIMESTAMP}, #{examPoint,jdbcType=LONGVARCHAR}, #{pageNumber,jdbcType=LONGVARCHAR}, 
      #{analysis,jdbcType=LONGVARCHAR})
  </insert>
  <insert id="insertSelective" parameterType="com.juwen.ibc.pojo.AutoSubjectDetailWithBLOBs">
    insert into auto_subject_detail
    <trim prefix="(" suffix=")" suffixOverrides=",">
      <if test="id != null">
        id,
      </if>
      <if test="autoSubjectId != null">
        auto_subject_id,
      </if>
      <if test="autoSubtypeId != null">
        auto_subtype_id,
      </if>
      <if test="createAt != null">
        create_at,
      </if>
      <if test="examPoint != null">
        exam_point,
      </if>
      <if test="pageNumber != null">
        page_number,
      </if>
      <if test="analysis != null">
        analysis,
      </if>
    </trim>
    <trim prefix="values (" suffix=")" suffixOverrides=",">
      <if test="id != null">
        #{id,jdbcType=INTEGER},
      </if>
      <if test="autoSubjectId != null">
        #{autoSubjectId,jdbcType=INTEGER},
      </if>
      <if test="autoSubtypeId != null">
        #{autoSubtypeId,jdbcType=INTEGER},
      </if>
      <if test="createAt != null">
        #{createAt,jdbcType=TIMESTAMP},
      </if>
      <if test="examPoint != null">
        #{examPoint,jdbcType=LONGVARCHAR},
      </if>
      <if test="pageNumber != null">
        #{pageNumber,jdbcType=LONGVARCHAR},
      </if>
      <if test="analysis != null">
        #{analysis,jdbcType=LONGVARCHAR},
      </if>
    </trim>
  </insert>
  <update id="updateByPrimaryKeySelective" parameterType="com.juwen.ibc.pojo.AutoSubjectDetailWithBLOBs">
    update auto_subject_detail
    <set>
      <if test="autoSubjectId != null">
        auto_subject_id = #{autoSubjectId,jdbcType=INTEGER},
      </if>
      <if test="autoSubtypeId != null">
        auto_subtype_id = #{autoSubtypeId,jdbcType=INTEGER},
      </if>
      <if test="createAt != null">
        create_at = #{createAt,jdbcType=TIMESTAMP},
      </if>
      <if test="examPoint != null">
        exam_point = #{examPoint,jdbcType=LONGVARCHAR},
      </if>
      <if test="pageNumber != null">
        page_number = #{pageNumber,jdbcType=LONGVARCHAR},
      </if>
      <if test="analysis != null">
        analysis = #{analysis,jdbcType=LONGVARCHAR},
      </if>
    </set>
    where id = #{id,jdbcType=INTEGER}
  </update>
  <update id="updateByPrimaryKeyWithBLOBs" parameterType="com.juwen.ibc.pojo.AutoSubjectDetailWithBLOBs">
    update auto_subject_detail
    set auto_subject_id = #{autoSubjectId,jdbcType=INTEGER},
      auto_subtype_id = #{autoSubtypeId,jdbcType=INTEGER},
      create_at = #{createAt,jdbcType=TIMESTAMP},
      exam_point = #{examPoint,jdbcType=LONGVARCHAR},
      page_number = #{pageNumber,jdbcType=LONGVARCHAR},
      analysis = #{analysis,jdbcType=LONGVARCHAR}
    where id = #{id,jdbcType=INTEGER}
  </update>
  <update id="updateByPrimaryKey" parameterType="com.juwen.ibc.pojo.AutoSubjectDetail">
    update auto_subject_detail
    set auto_subject_id = #{autoSubjectId,jdbcType=INTEGER},
      auto_subtype_id = #{autoSubtypeId,jdbcType=INTEGER},
      create_at = #{createAt,jdbcType=TIMESTAMP}
    where id = #{id,jdbcType=INTEGER}
  </update>
</mapper>