<?xml version="1.0" encoding="UTF-8"?>
<!DOCTYPE mapper PUBLIC "-//mybatis.org//DTD Mapper 3.0//EN" "http://mybatis.org/dtd/mybatis-3-mapper.dtd">
<mapper namespace="com.juwen.ibc.dao.IExamLoreExercisesProfessionDAO">
  <resultMap id="BaseResultMap" type="com.juwen.ibc.pojo.ExamLoreExercisesProfession">
    <id column="id" jdbcType="INTEGER" property="id" />
    <result column="exam_lore_exercises_id" jdbcType="INTEGER" property="examLoreExercisesId" />
    <result column="profession_id" jdbcType="INTEGER" property="professionId" />
    <result column="exam_lore_exercises_new_id" jdbcType="VARCHAR" property="examLoreExercisesNewId" />
    <result column="profession_new_id" jdbcType="VARCHAR" property="professionNewId" />
  </resultMap>
  <sql id="Base_Column_List">
    id, exam_lore_exercises_id, profession_id, exam_lore_exercises_new_id, profession_new_id
  </sql>
  <select id="selectByPrimaryKey" parameterType="java.lang.Integer" resultMap="BaseResultMap">
    select 
    <include refid="Base_Column_List" />
    from exam_lore_exercises_profession
    where id = #{id,jdbcType=INTEGER}
  </select>
  <delete id="deleteByPrimaryKey" parameterType="java.lang.Integer">
    delete from exam_lore_exercises_profession
    where id = #{id,jdbcType=INTEGER}
  </delete>
  <insert id="insert" parameterType="com.juwen.ibc.pojo.ExamLoreExercisesProfession">
    insert into exam_lore_exercises_profession (id, exam_lore_exercises_id, profession_id, 
      exam_lore_exercises_new_id, profession_new_id
      )
    values (#{id,jdbcType=INTEGER}, #{examLoreExercisesId,jdbcType=INTEGER}, #{professionId,jdbcType=INTEGER}, 
      #{examLoreExercisesNewId,jdbcType=VARCHAR}, #{professionNewId,jdbcType=VARCHAR}
      )
  </insert>
  <insert id="insertSelective" parameterType="com.juwen.ibc.pojo.ExamLoreExercisesProfession">
    insert into exam_lore_exercises_profession
    <trim prefix="(" suffix=")" suffixOverrides=",">
      <if test="id != null">
        id,
      </if>
      <if test="examLoreExercisesId != null">
        exam_lore_exercises_id,
      </if>
      <if test="professionId != null">
        profession_id,
      </if>
      <if test="examLoreExercisesNewId != null">
        exam_lore_exercises_new_id,
      </if>
      <if test="professionNewId != null">
        profession_new_id,
      </if>
    </trim>
    <trim prefix="values (" suffix=")" suffixOverrides=",">
      <if test="id != null">
        #{id,jdbcType=INTEGER},
      </if>
      <if test="examLoreExercisesId != null">
        #{examLoreExercisesId,jdbcType=INTEGER},
      </if>
      <if test="professionId != null">
        #{professionId,jdbcType=INTEGER},
      </if>
      <if test="examLoreExercisesNewId != null">
        #{examLoreExercisesNewId,jdbcType=VARCHAR},
      </if>
      <if test="professionNewId != null">
        #{professionNewId,jdbcType=VARCHAR},
      </if>
    </trim>
  </insert>
  <update id="updateByPrimaryKeySelective" parameterType="com.juwen.ibc.pojo.ExamLoreExercisesProfession">
    update exam_lore_exercises_profession
    <set>
      <if test="examLoreExercisesId != null">
        exam_lore_exercises_id = #{examLoreExercisesId,jdbcType=INTEGER},
      </if>
      <if test="professionId != null">
        profession_id = #{professionId,jdbcType=INTEGER},
      </if>
      <if test="examLoreExercisesNewId != null">
        exam_lore_exercises_new_id = #{examLoreExercisesNewId,jdbcType=VARCHAR},
      </if>
      <if test="professionNewId != null">
        profession_new_id = #{professionNewId,jdbcType=VARCHAR},
      </if>
    </set>
    where id = #{id,jdbcType=INTEGER}
  </update>
  <update id="updateByPrimaryKey" parameterType="com.juwen.ibc.pojo.ExamLoreExercisesProfession">
    update exam_lore_exercises_profession
    set exam_lore_exercises_id = #{examLoreExercisesId,jdbcType=INTEGER},
      profession_id = #{professionId,jdbcType=INTEGER},
      exam_lore_exercises_new_id = #{examLoreExercisesNewId,jdbcType=VARCHAR},
      profession_new_id = #{professionNewId,jdbcType=VARCHAR}
    where id = #{id,jdbcType=INTEGER}
  </update>
</mapper>