<?xml version="1.0" encoding="UTF-8"?>
<!DOCTYPE mapper PUBLIC "-//mybatis.org//DTD Mapper 3.0//EN" "http://mybatis.org/dtd/mybatis-3-mapper.dtd">
<mapper namespace="com.juwen.ibc.dao.IExamQuestionBankOptionsDAO">
  <resultMap id="BaseResultMap" type="com.juwen.ibc.pojo.ExamQuestionBankOptions">
    <id column="id" jdbcType="INTEGER" property="id" />
    <result column="exam_question_bank_id" jdbcType="INTEGER" property="examQuestionBankId" />
    <result column="create_at" jdbcType="TIMESTAMP" property="createAt" />
    <result column="status" jdbcType="INTEGER" property="status" />
    <result column="new_id" jdbcType="VARCHAR" property="newId" />
    <result column="exam_question_bank_new_id" jdbcType="VARCHAR" property="examQuestionBankNewId" />
  </resultMap>
  <resultMap extends="BaseResultMap" id="ResultMapWithBLOBs" type="com.juwen.ibc.pojo.ExamQuestionBankOptions">
    <result column="contents" jdbcType="LONGVARCHAR" property="contents" />
  </resultMap>
  <sql id="Base_Column_List">
    id, exam_question_bank_id, create_at, status, new_id, exam_question_bank_new_id
  </sql>
  <sql id="Blob_Column_List">
    contents
  </sql>
  <select id="selectByPrimaryKey" parameterType="java.lang.Integer" resultMap="ResultMapWithBLOBs">
    select 
    <include refid="Base_Column_List" />
    ,
    <include refid="Blob_Column_List" />
    from exam_question_bank_options
    where id = #{id,jdbcType=INTEGER}
  </select>
  <delete id="deleteByPrimaryKey" parameterType="java.lang.Integer">
    delete from exam_question_bank_options
    where id = #{id,jdbcType=INTEGER}
  </delete>
  <insert id="insert" parameterType="com.juwen.ibc.pojo.ExamQuestionBankOptions">
    insert into exam_question_bank_options (id, exam_question_bank_id, create_at, 
      status, new_id, exam_question_bank_new_id, 
      contents)
    values (#{id,jdbcType=INTEGER}, #{examQuestionBankId,jdbcType=INTEGER}, #{createAt,jdbcType=TIMESTAMP}, 
      #{status,jdbcType=INTEGER}, #{newId,jdbcType=VARCHAR}, #{examQuestionBankNewId,jdbcType=VARCHAR}, 
      #{contents,jdbcType=LONGVARCHAR})
  </insert>
  <insert id="insertSelective" parameterType="com.juwen.ibc.pojo.ExamQuestionBankOptions">
    insert into exam_question_bank_options
    <trim prefix="(" suffix=")" suffixOverrides=",">
      <if test="id != null">
        id,
      </if>
      <if test="examQuestionBankId != null">
        exam_question_bank_id,
      </if>
      <if test="createAt != null">
        create_at,
      </if>
      <if test="status != null">
        status,
      </if>
      <if test="newId != null">
        new_id,
      </if>
      <if test="examQuestionBankNewId != null">
        exam_question_bank_new_id,
      </if>
      <if test="contents != null">
        contents,
      </if>
    </trim>
    <trim prefix="values (" suffix=")" suffixOverrides=",">
      <if test="id != null">
        #{id,jdbcType=INTEGER},
      </if>
      <if test="examQuestionBankId != null">
        #{examQuestionBankId,jdbcType=INTEGER},
      </if>
      <if test="createAt != null">
        #{createAt,jdbcType=TIMESTAMP},
      </if>
      <if test="status != null">
        #{status,jdbcType=INTEGER},
      </if>
      <if test="newId != null">
        #{newId,jdbcType=VARCHAR},
      </if>
      <if test="examQuestionBankNewId != null">
        #{examQuestionBankNewId,jdbcType=VARCHAR},
      </if>
      <if test="contents != null">
        #{contents,jdbcType=LONGVARCHAR},
      </if>
    </trim>
  </insert>
  <update id="updateByPrimaryKeySelective" parameterType="com.juwen.ibc.pojo.ExamQuestionBankOptions">
    update exam_question_bank_options
    <set>
      <if test="examQuestionBankId != null">
        exam_question_bank_id = #{examQuestionBankId,jdbcType=INTEGER},
      </if>
      <if test="createAt != null">
        create_at = #{createAt,jdbcType=TIMESTAMP},
      </if>
      <if test="status != null">
        status = #{status,jdbcType=INTEGER},
      </if>
      <if test="newId != null">
        new_id = #{newId,jdbcType=VARCHAR},
      </if>
      <if test="examQuestionBankNewId != null">
        exam_question_bank_new_id = #{examQuestionBankNewId,jdbcType=VARCHAR},
      </if>
      <if test="contents != null">
        contents = #{contents,jdbcType=LONGVARCHAR},
      </if>
    </set>
    where id = #{id,jdbcType=INTEGER}
  </update>
  <update id="updateByPrimaryKeyWithBLOBs" parameterType="com.juwen.ibc.pojo.ExamQuestionBankOptions">
    update exam_question_bank_options
    set exam_question_bank_id = #{examQuestionBankId,jdbcType=INTEGER},
      create_at = #{createAt,jdbcType=TIMESTAMP},
      status = #{status,jdbcType=INTEGER},
      new_id = #{newId,jdbcType=VARCHAR},
      exam_question_bank_new_id = #{examQuestionBankNewId,jdbcType=VARCHAR},
      contents = #{contents,jdbcType=LONGVARCHAR}
    where id = #{id,jdbcType=INTEGER}
  </update>
  <update id="updateByPrimaryKey" parameterType="com.juwen.ibc.pojo.ExamQuestionBankOptions">
    update exam_question_bank_options
    set exam_question_bank_id = #{examQuestionBankId,jdbcType=INTEGER},
      create_at = #{createAt,jdbcType=TIMESTAMP},
      status = #{status,jdbcType=INTEGER},
      new_id = #{newId,jdbcType=VARCHAR},
      exam_question_bank_new_id = #{examQuestionBankNewId,jdbcType=VARCHAR}
    where id = #{id,jdbcType=INTEGER}
  </update>
</mapper>