<?xml version="1.0" encoding="UTF-8"?>
<!DOCTYPE mapper PUBLIC "-//mybatis.org//DTD Mapper 3.0//EN" "http://mybatis.org/dtd/mybatis-3-mapper.dtd">
<mapper namespace="com.juwen.ibc.dao.IExamPaperInfoDAO">
  <resultMap id="BaseResultMap" type="com.juwen.ibc.pojo.ExamPaperInfo">
    <id column="id" jdbcType="INTEGER" property="id" />
    <result column="title" jdbcType="VARCHAR" property="title" />
    <result column="sub_title" jdbcType="VARCHAR" property="subTitle" />
    <result column="exam_minutes" jdbcType="INTEGER" property="examMinutes" />
    <result column="exam_total_score" jdbcType="INTEGER" property="examTotalScore" />
    <result column="exam_pass_score" jdbcType="INTEGER" property="examPassScore" />
    <result column="type" jdbcType="INTEGER" property="type" />
    <result column="status" jdbcType="INTEGER" property="status" />
    <result column="create_at" jdbcType="TIMESTAMP" property="createAt" />
    <result column="new_id" jdbcType="VARCHAR" property="newId" />
  </resultMap>
  <resultMap extends="BaseResultMap" id="ResultMapWithBLOBs" type="com.juwen.ibc.pojo.ExamPaperInfo">
    <result column="descriptions" jdbcType="LONGVARCHAR" property="descriptions" />
  </resultMap>
  <sql id="Base_Column_List">
    id, title, sub_title, exam_minutes, exam_total_score, exam_pass_score, type, status, 
    create_at, new_id
  </sql>
  <sql id="Blob_Column_List">
    descriptions
  </sql>
  <select id="selectByPrimaryKey" parameterType="java.lang.Integer" resultMap="ResultMapWithBLOBs">
    select 
    <include refid="Base_Column_List" />
    ,
    <include refid="Blob_Column_List" />
    from exam_paper_info
    where id = #{id,jdbcType=INTEGER}
  </select>
  <delete id="deleteByPrimaryKey" parameterType="java.lang.Integer">
    delete from exam_paper_info
    where id = #{id,jdbcType=INTEGER}
  </delete>
  <insert id="insert" parameterType="com.juwen.ibc.pojo.ExamPaperInfo">
    insert into exam_paper_info (id, title, sub_title, 
      exam_minutes, exam_total_score, exam_pass_score, 
      type, status, create_at, 
      new_id, descriptions)
    values (#{id,jdbcType=INTEGER}, #{title,jdbcType=VARCHAR}, #{subTitle,jdbcType=VARCHAR}, 
      #{examMinutes,jdbcType=INTEGER}, #{examTotalScore,jdbcType=INTEGER}, #{examPassScore,jdbcType=INTEGER}, 
      #{type,jdbcType=INTEGER}, #{status,jdbcType=INTEGER}, #{createAt,jdbcType=TIMESTAMP}, 
      #{newId,jdbcType=VARCHAR}, #{descriptions,jdbcType=LONGVARCHAR})
  </insert>
  <insert id="insertSelective" parameterType="com.juwen.ibc.pojo.ExamPaperInfo">
    insert into exam_paper_info
    <trim prefix="(" suffix=")" suffixOverrides=",">
      <if test="id != null">
        id,
      </if>
      <if test="title != null">
        title,
      </if>
      <if test="subTitle != null">
        sub_title,
      </if>
      <if test="examMinutes != null">
        exam_minutes,
      </if>
      <if test="examTotalScore != null">
        exam_total_score,
      </if>
      <if test="examPassScore != null">
        exam_pass_score,
      </if>
      <if test="type != null">
        type,
      </if>
      <if test="status != null">
        status,
      </if>
      <if test="createAt != null">
        create_at,
      </if>
      <if test="newId != null">
        new_id,
      </if>
      <if test="descriptions != null">
        descriptions,
      </if>
    </trim>
    <trim prefix="values (" suffix=")" suffixOverrides=",">
      <if test="id != null">
        #{id,jdbcType=INTEGER},
      </if>
      <if test="title != null">
        #{title,jdbcType=VARCHAR},
      </if>
      <if test="subTitle != null">
        #{subTitle,jdbcType=VARCHAR},
      </if>
      <if test="examMinutes != null">
        #{examMinutes,jdbcType=INTEGER},
      </if>
      <if test="examTotalScore != null">
        #{examTotalScore,jdbcType=INTEGER},
      </if>
      <if test="examPassScore != null">
        #{examPassScore,jdbcType=INTEGER},
      </if>
      <if test="type != null">
        #{type,jdbcType=INTEGER},
      </if>
      <if test="status != null">
        #{status,jdbcType=INTEGER},
      </if>
      <if test="createAt != null">
        #{createAt,jdbcType=TIMESTAMP},
      </if>
      <if test="newId != null">
        #{newId,jdbcType=VARCHAR},
      </if>
      <if test="descriptions != null">
        #{descriptions,jdbcType=LONGVARCHAR},
      </if>
    </trim>
  </insert>
  <update id="updateByPrimaryKeySelective" parameterType="com.juwen.ibc.pojo.ExamPaperInfo">
    update exam_paper_info
    <set>
      <if test="title != null">
        title = #{title,jdbcType=VARCHAR},
      </if>
      <if test="subTitle != null">
        sub_title = #{subTitle,jdbcType=VARCHAR},
      </if>
      <if test="examMinutes != null">
        exam_minutes = #{examMinutes,jdbcType=INTEGER},
      </if>
      <if test="examTotalScore != null">
        exam_total_score = #{examTotalScore,jdbcType=INTEGER},
      </if>
      <if test="examPassScore != null">
        exam_pass_score = #{examPassScore,jdbcType=INTEGER},
      </if>
      <if test="type != null">
        type = #{type,jdbcType=INTEGER},
      </if>
      <if test="status != null">
        status = #{status,jdbcType=INTEGER},
      </if>
      <if test="createAt != null">
        create_at = #{createAt,jdbcType=TIMESTAMP},
      </if>
      <if test="newId != null">
        new_id = #{newId,jdbcType=VARCHAR},
      </if>
      <if test="descriptions != null">
        descriptions = #{descriptions,jdbcType=LONGVARCHAR},
      </if>
    </set>
    where id = #{id,jdbcType=INTEGER}
  </update>
  <update id="updateByPrimaryKeyWithBLOBs" parameterType="com.juwen.ibc.pojo.ExamPaperInfo">
    update exam_paper_info
    set title = #{title,jdbcType=VARCHAR},
      sub_title = #{subTitle,jdbcType=VARCHAR},
      exam_minutes = #{examMinutes,jdbcType=INTEGER},
      exam_total_score = #{examTotalScore,jdbcType=INTEGER},
      exam_pass_score = #{examPassScore,jdbcType=INTEGER},
      type = #{type,jdbcType=INTEGER},
      status = #{status,jdbcType=INTEGER},
      create_at = #{createAt,jdbcType=TIMESTAMP},
      new_id = #{newId,jdbcType=VARCHAR},
      descriptions = #{descriptions,jdbcType=LONGVARCHAR}
    where id = #{id,jdbcType=INTEGER}
  </update>
  <update id="updateByPrimaryKey" parameterType="com.juwen.ibc.pojo.ExamPaperInfo">
    update exam_paper_info
    set title = #{title,jdbcType=VARCHAR},
      sub_title = #{subTitle,jdbcType=VARCHAR},
      exam_minutes = #{examMinutes,jdbcType=INTEGER},
      exam_total_score = #{examTotalScore,jdbcType=INTEGER},
      exam_pass_score = #{examPassScore,jdbcType=INTEGER},
      type = #{type,jdbcType=INTEGER},
      status = #{status,jdbcType=INTEGER},
      create_at = #{createAt,jdbcType=TIMESTAMP},
      new_id = #{newId,jdbcType=VARCHAR}
    where id = #{id,jdbcType=INTEGER}
  </update>
</mapper>