<?xml version="1.0" encoding="UTF-8"?>
<!DOCTYPE mapper PUBLIC "-//mybatis.org//DTD Mapper 3.0//EN" "http://mybatis.org/dtd/mybatis-3-mapper.dtd">
<mapper namespace="com.juwen.ibc.dao.IExamLoreExercisesDAO">
  <resultMap id="BaseResultMap" type="com.juwen.ibc.pojo.ExamLoreExercises">
    <id column="id" jdbcType="INTEGER" property="id" />
    <result column="author" jdbcType="VARCHAR" property="author" />
    <result column="list_order" jdbcType="INTEGER" property="listOrder" />
    <result column="status" jdbcType="INTEGER" property="status" />
    <result column="create_at" jdbcType="TIMESTAMP" property="createAt" />
    <result column="updated_at" jdbcType="TIMESTAMP" property="updatedAt" />
    <result column="thumbnail" jdbcType="VARCHAR" property="thumbnail" />
    <result column="new_id" jdbcType="VARCHAR" property="newId" />
  </resultMap>
  <resultMap extends="BaseResultMap" id="ResultMapWithBLOBs" type="com.juwen.ibc.pojo.ExamLoreExercisesWithBLOBs">
    <result column="title" jdbcType="LONGVARCHAR" property="title" />
    <result column="description" jdbcType="LONGVARCHAR" property="description" />
  </resultMap>
  <sql id="Base_Column_List">
    id, author, list_order, status, create_at, updated_at, thumbnail, new_id
  </sql>
  <sql id="Blob_Column_List">
    title, description
  </sql>
  <select id="selectByPrimaryKey" parameterType="java.lang.Integer" resultMap="ResultMapWithBLOBs">
    select 
    <include refid="Base_Column_List" />
    ,
    <include refid="Blob_Column_List" />
    from exam_lore_exercises
    where id = #{id,jdbcType=INTEGER}
  </select>
  <delete id="deleteByPrimaryKey" parameterType="java.lang.Integer">
    delete from exam_lore_exercises
    where id = #{id,jdbcType=INTEGER}
  </delete>
  <insert id="insert" parameterType="com.juwen.ibc.pojo.ExamLoreExercisesWithBLOBs">
    insert into exam_lore_exercises (id, author, list_order, 
      status, create_at, updated_at, 
      thumbnail, new_id, title, 
      description)
    values (#{id,jdbcType=INTEGER}, #{author,jdbcType=VARCHAR}, #{listOrder,jdbcType=INTEGER}, 
      #{status,jdbcType=INTEGER}, #{createAt,jdbcType=TIMESTAMP}, #{updatedAt,jdbcType=TIMESTAMP}, 
      #{thumbnail,jdbcType=VARCHAR}, #{newId,jdbcType=VARCHAR}, #{title,jdbcType=LONGVARCHAR}, 
      #{description,jdbcType=LONGVARCHAR})
  </insert>
  <insert id="insertSelective" parameterType="com.juwen.ibc.pojo.ExamLoreExercisesWithBLOBs">
    insert into exam_lore_exercises
    <trim prefix="(" suffix=")" suffixOverrides=",">
      <if test="id != null">
        id,
      </if>
      <if test="author != null">
        author,
      </if>
      <if test="listOrder != null">
        list_order,
      </if>
      <if test="status != null">
        status,
      </if>
      <if test="createAt != null">
        create_at,
      </if>
      <if test="updatedAt != null">
        updated_at,
      </if>
      <if test="thumbnail != null">
        thumbnail,
      </if>
      <if test="newId != null">
        new_id,
      </if>
      <if test="title != null">
        title,
      </if>
      <if test="description != null">
        description,
      </if>
    </trim>
    <trim prefix="values (" suffix=")" suffixOverrides=",">
      <if test="id != null">
        #{id,jdbcType=INTEGER},
      </if>
      <if test="author != null">
        #{author,jdbcType=VARCHAR},
      </if>
      <if test="listOrder != null">
        #{listOrder,jdbcType=INTEGER},
      </if>
      <if test="status != null">
        #{status,jdbcType=INTEGER},
      </if>
      <if test="createAt != null">
        #{createAt,jdbcType=TIMESTAMP},
      </if>
      <if test="updatedAt != null">
        #{updatedAt,jdbcType=TIMESTAMP},
      </if>
      <if test="thumbnail != null">
        #{thumbnail,jdbcType=VARCHAR},
      </if>
      <if test="newId != null">
        #{newId,jdbcType=VARCHAR},
      </if>
      <if test="title != null">
        #{title,jdbcType=LONGVARCHAR},
      </if>
      <if test="description != null">
        #{description,jdbcType=LONGVARCHAR},
      </if>
    </trim>
  </insert>
  <update id="updateByPrimaryKeySelective" parameterType="com.juwen.ibc.pojo.ExamLoreExercisesWithBLOBs">
    update exam_lore_exercises
    <set>
      <if test="author != null">
        author = #{author,jdbcType=VARCHAR},
      </if>
      <if test="listOrder != null">
        list_order = #{listOrder,jdbcType=INTEGER},
      </if>
      <if test="status != null">
        status = #{status,jdbcType=INTEGER},
      </if>
      <if test="createAt != null">
        create_at = #{createAt,jdbcType=TIMESTAMP},
      </if>
      <if test="updatedAt != null">
        updated_at = #{updatedAt,jdbcType=TIMESTAMP},
      </if>
      <if test="thumbnail != null">
        thumbnail = #{thumbnail,jdbcType=VARCHAR},
      </if>
      <if test="newId != null">
        new_id = #{newId,jdbcType=VARCHAR},
      </if>
      <if test="title != null">
        title = #{title,jdbcType=LONGVARCHAR},
      </if>
      <if test="description != null">
        description = #{description,jdbcType=LONGVARCHAR},
      </if>
    </set>
    where id = #{id,jdbcType=INTEGER}
  </update>
  <update id="updateByPrimaryKeyWithBLOBs" parameterType="com.juwen.ibc.pojo.ExamLoreExercisesWithBLOBs">
    update exam_lore_exercises
    set author = #{author,jdbcType=VARCHAR},
      list_order = #{listOrder,jdbcType=INTEGER},
      status = #{status,jdbcType=INTEGER},
      create_at = #{createAt,jdbcType=TIMESTAMP},
      updated_at = #{updatedAt,jdbcType=TIMESTAMP},
      thumbnail = #{thumbnail,jdbcType=VARCHAR},
      new_id = #{newId,jdbcType=VARCHAR},
      title = #{title,jdbcType=LONGVARCHAR},
      description = #{description,jdbcType=LONGVARCHAR}
    where id = #{id,jdbcType=INTEGER}
  </update>
  <update id="updateByPrimaryKey" parameterType="com.juwen.ibc.pojo.ExamLoreExercises">
    update exam_lore_exercises
    set author = #{author,jdbcType=VARCHAR},
      list_order = #{listOrder,jdbcType=INTEGER},
      status = #{status,jdbcType=INTEGER},
      create_at = #{createAt,jdbcType=TIMESTAMP},
      updated_at = #{updatedAt,jdbcType=TIMESTAMP},
      thumbnail = #{thumbnail,jdbcType=VARCHAR},
      new_id = #{newId,jdbcType=VARCHAR}
    where id = #{id,jdbcType=INTEGER}
  </update>
</mapper>