<?xml version="1.0" encoding="UTF-8"?>
<!DOCTYPE mapper PUBLIC "-//mybatis.org//DTD Mapper 3.0//EN" "http://mybatis.org/dtd/mybatis-3-mapper.dtd">
<mapper namespace="com.juwen.ibc.dao.IExaminationScoreDAO">
  <resultMap id="BaseResultMap" type="com.juwen.ibc.pojo.ExaminationScore">
    <id column="id" jdbcType="INTEGER" property="id" />
    <result column="curriculum_id" jdbcType="INTEGER" property="curriculumId" />
    <result column="curriculum_name" jdbcType="VARCHAR" property="curriculumName" />
    <result column="curriculum_code" jdbcType="VARCHAR" property="curriculumCode" />
    <result column="student_info_id" jdbcType="INTEGER" property="studentInfoId" />
    <result column="login_name" jdbcType="VARCHAR" property="loginName" />
    <result column="type" jdbcType="INTEGER" property="type" />
    <result column="examination_status" jdbcType="INTEGER" property="examinationStatus" />
    <result column="examination_confirm_status" jdbcType="INTEGER" property="examinationConfirmStatus" />
    <result column="examination_score" jdbcType="VARCHAR" property="examinationScore" />
    <result column="examination_at" jdbcType="TIMESTAMP" property="examinationAt" />
    <result column="create_at" jdbcType="TIMESTAMP" property="createAt" />
    <result column="update_at" jdbcType="TIMESTAMP" property="updateAt" />
    <result column="status" jdbcType="INTEGER" property="status" />
    <result column="list_order" jdbcType="INTEGER" property="listOrder" />
    <result column="exam_number" jdbcType="VARCHAR" property="examNumber" />
    <result column="objection_confirm_status" jdbcType="INTEGER" property="objectionConfirmStatus" />
  </resultMap>
  <sql id="Base_Column_List">
    id, curriculum_id, curriculum_name, curriculum_code, student_info_id, login_name, 
    type, examination_status, examination_confirm_status, examination_score, examination_at, 
    create_at, update_at, status, list_order, exam_number, objection_confirm_status
  </sql>
  <select id="selectByPrimaryKey" parameterType="java.lang.Integer" resultMap="BaseResultMap">
    select 
    <include refid="Base_Column_List" />
    from examination_score
    where id = #{id,jdbcType=INTEGER}
  </select>
  <delete id="deleteByPrimaryKey" parameterType="java.lang.Integer">
    delete from examination_score
    where id = #{id,jdbcType=INTEGER}
  </delete>
  <insert id="insert" parameterType="com.juwen.ibc.pojo.ExaminationScore">
    insert into examination_score (id, curriculum_id, curriculum_name, 
      curriculum_code, student_info_id, login_name, 
      type, examination_status, examination_confirm_status, 
      examination_score, examination_at, create_at, 
      update_at, status, list_order, 
      exam_number, objection_confirm_status)
    values (#{id,jdbcType=INTEGER}, #{curriculumId,jdbcType=INTEGER}, #{curriculumName,jdbcType=VARCHAR}, 
      #{curriculumCode,jdbcType=VARCHAR}, #{studentInfoId,jdbcType=INTEGER}, #{loginName,jdbcType=VARCHAR}, 
      #{type,jdbcType=INTEGER}, #{examinationStatus,jdbcType=INTEGER}, #{examinationConfirmStatus,jdbcType=INTEGER}, 
      #{examinationScore,jdbcType=VARCHAR}, #{examinationAt,jdbcType=TIMESTAMP}, #{createAt,jdbcType=TIMESTAMP}, 
      #{updateAt,jdbcType=TIMESTAMP}, #{status,jdbcType=INTEGER}, #{listOrder,jdbcType=INTEGER}, 
      #{examNumber,jdbcType=VARCHAR}, #{objectionConfirmStatus,jdbcType=INTEGER})
  </insert>
  <insert id="insertSelective" parameterType="com.juwen.ibc.pojo.ExaminationScore">
    insert into examination_score
    <trim prefix="(" suffix=")" suffixOverrides=",">
      <if test="id != null">
        id,
      </if>
      <if test="curriculumId != null">
        curriculum_id,
      </if>
      <if test="curriculumName != null">
        curriculum_name,
      </if>
      <if test="curriculumCode != null">
        curriculum_code,
      </if>
      <if test="studentInfoId != null">
        student_info_id,
      </if>
      <if test="loginName != null">
        login_name,
      </if>
      <if test="type != null">
        type,
      </if>
      <if test="examinationStatus != null">
        examination_status,
      </if>
      <if test="examinationConfirmStatus != null">
        examination_confirm_status,
      </if>
      <if test="examinationScore != null">
        examination_score,
      </if>
      <if test="examinationAt != null">
        examination_at,
      </if>
      <if test="createAt != null">
        create_at,
      </if>
      <if test="updateAt != null">
        update_at,
      </if>
      <if test="status != null">
        status,
      </if>
      <if test="listOrder != null">
        list_order,
      </if>
      <if test="examNumber != null">
        exam_number,
      </if>
      <if test="objectionConfirmStatus != null">
        objection_confirm_status,
      </if>
    </trim>
    <trim prefix="values (" suffix=")" suffixOverrides=",">
      <if test="id != null">
        #{id,jdbcType=INTEGER},
      </if>
      <if test="curriculumId != null">
        #{curriculumId,jdbcType=INTEGER},
      </if>
      <if test="curriculumName != null">
        #{curriculumName,jdbcType=VARCHAR},
      </if>
      <if test="curriculumCode != null">
        #{curriculumCode,jdbcType=VARCHAR},
      </if>
      <if test="studentInfoId != null">
        #{studentInfoId,jdbcType=INTEGER},
      </if>
      <if test="loginName != null">
        #{loginName,jdbcType=VARCHAR},
      </if>
      <if test="type != null">
        #{type,jdbcType=INTEGER},
      </if>
      <if test="examinationStatus != null">
        #{examinationStatus,jdbcType=INTEGER},
      </if>
      <if test="examinationConfirmStatus != null">
        #{examinationConfirmStatus,jdbcType=INTEGER},
      </if>
      <if test="examinationScore != null">
        #{examinationScore,jdbcType=VARCHAR},
      </if>
      <if test="examinationAt != null">
        #{examinationAt,jdbcType=TIMESTAMP},
      </if>
      <if test="createAt != null">
        #{createAt,jdbcType=TIMESTAMP},
      </if>
      <if test="updateAt != null">
        #{updateAt,jdbcType=TIMESTAMP},
      </if>
      <if test="status != null">
        #{status,jdbcType=INTEGER},
      </if>
      <if test="listOrder != null">
        #{listOrder,jdbcType=INTEGER},
      </if>
      <if test="examNumber != null">
        #{examNumber,jdbcType=VARCHAR},
      </if>
      <if test="objectionConfirmStatus != null">
        #{objectionConfirmStatus,jdbcType=INTEGER},
      </if>
    </trim>
  </insert>
  <update id="updateByPrimaryKeySelective" parameterType="com.juwen.ibc.pojo.ExaminationScore">
    update examination_score
    <set>
      <if test="curriculumId != null">
        curriculum_id = #{curriculumId,jdbcType=INTEGER},
      </if>
      <if test="curriculumName != null">
        curriculum_name = #{curriculumName,jdbcType=VARCHAR},
      </if>
      <if test="curriculumCode != null">
        curriculum_code = #{curriculumCode,jdbcType=VARCHAR},
      </if>
      <if test="studentInfoId != null">
        student_info_id = #{studentInfoId,jdbcType=INTEGER},
      </if>
      <if test="loginName != null">
        login_name = #{loginName,jdbcType=VARCHAR},
      </if>
      <if test="type != null">
        type = #{type,jdbcType=INTEGER},
      </if>
      <if test="examinationStatus != null">
        examination_status = #{examinationStatus,jdbcType=INTEGER},
      </if>
      <if test="examinationConfirmStatus != null">
        examination_confirm_status = #{examinationConfirmStatus,jdbcType=INTEGER},
      </if>
      <if test="examinationScore != null">
        examination_score = #{examinationScore,jdbcType=VARCHAR},
      </if>
      <if test="examinationAt != null">
        examination_at = #{examinationAt,jdbcType=TIMESTAMP},
      </if>
      <if test="createAt != null">
        create_at = #{createAt,jdbcType=TIMESTAMP},
      </if>
      <if test="updateAt != null">
        update_at = #{updateAt,jdbcType=TIMESTAMP},
      </if>
      <if test="status != null">
        status = #{status,jdbcType=INTEGER},
      </if>
      <if test="listOrder != null">
        list_order = #{listOrder,jdbcType=INTEGER},
      </if>
      <if test="examNumber != null">
        exam_number = #{examNumber,jdbcType=VARCHAR},
      </if>
      <if test="objectionConfirmStatus != null">
        objection_confirm_status = #{objectionConfirmStatus,jdbcType=INTEGER},
      </if>
    </set>
    where id = #{id,jdbcType=INTEGER}
  </update>
  <update id="updateByPrimaryKey" parameterType="com.juwen.ibc.pojo.ExaminationScore">
    update examination_score
    set curriculum_id = #{curriculumId,jdbcType=INTEGER},
      curriculum_name = #{curriculumName,jdbcType=VARCHAR},
      curriculum_code = #{curriculumCode,jdbcType=VARCHAR},
      student_info_id = #{studentInfoId,jdbcType=INTEGER},
      login_name = #{loginName,jdbcType=VARCHAR},
      type = #{type,jdbcType=INTEGER},
      examination_status = #{examinationStatus,jdbcType=INTEGER},
      examination_confirm_status = #{examinationConfirmStatus,jdbcType=INTEGER},
      examination_score = #{examinationScore,jdbcType=VARCHAR},
      examination_at = #{examinationAt,jdbcType=TIMESTAMP},
      create_at = #{createAt,jdbcType=TIMESTAMP},
      update_at = #{updateAt,jdbcType=TIMESTAMP},
      status = #{status,jdbcType=INTEGER},
      list_order = #{listOrder,jdbcType=INTEGER},
      exam_number = #{examNumber,jdbcType=VARCHAR},
      objection_confirm_status = #{objectionConfirmStatus,jdbcType=INTEGER}
    where id = #{id,jdbcType=INTEGER}
  </update>
</mapper>