<?xml version="1.0" encoding="UTF-8"?>
<!DOCTYPE mapper PUBLIC "-//mybatis.org//DTD Mapper 3.0//EN" "http://mybatis.org/dtd/mybatis-3-mapper.dtd">
<mapper namespace="com.juwen.ibc.dao.IExamLoreExercisesItemDAO">
  <resultMap id="BaseResultMap" type="com.juwen.ibc.pojo.ExamLoreExercisesItem">
    <id column="id" jdbcType="INTEGER" property="id" />
    <result column="list_order" jdbcType="INTEGER" property="listOrder" />
    <result column="create_at" jdbcType="TIMESTAMP" property="createAt" />
    <result column="updated_at" jdbcType="TIMESTAMP" property="updatedAt" />
    <result column="exam_lore_exercises_id" jdbcType="INTEGER" property="examLoreExercisesId" />
    <result column="chapter_exercise_id" jdbcType="INTEGER" property="chapterExerciseId" />
    <result column="new_id" jdbcType="VARCHAR" property="newId" />
    <result column="exam_lore_exercises_new_id" jdbcType="VARCHAR" property="examLoreExercisesNewId" />
  </resultMap>
  <resultMap extends="BaseResultMap" id="ResultMapWithBLOBs" type="com.juwen.ibc.pojo.ExamLoreExercisesItemWithBLOBs">
    <result column="title" jdbcType="LONGVARCHAR" property="title" />
    <result column="description" jdbcType="LONGVARCHAR" property="description" />
  </resultMap>
  <sql id="Base_Column_List">
    id, list_order, create_at, updated_at, exam_lore_exercises_id, chapter_exercise_id, 
    new_id, exam_lore_exercises_new_id
  </sql>
  <sql id="Blob_Column_List">
    title, description
  </sql>
  <select id="selectByPrimaryKey" parameterType="java.lang.Integer" resultMap="ResultMapWithBLOBs">
    select 
    <include refid="Base_Column_List" />
    ,
    <include refid="Blob_Column_List" />
    from exam_lore_exercises_item
    where id = #{id,jdbcType=INTEGER}
  </select>
  <delete id="deleteByPrimaryKey" parameterType="java.lang.Integer">
    delete from exam_lore_exercises_item
    where id = #{id,jdbcType=INTEGER}
  </delete>
  <insert id="insert" parameterType="com.juwen.ibc.pojo.ExamLoreExercisesItemWithBLOBs">
    insert into exam_lore_exercises_item (id, list_order, create_at, 
      updated_at, exam_lore_exercises_id, chapter_exercise_id, 
      new_id, exam_lore_exercises_new_id, title, 
      description)
    values (#{id,jdbcType=INTEGER}, #{listOrder,jdbcType=INTEGER}, #{createAt,jdbcType=TIMESTAMP}, 
      #{updatedAt,jdbcType=TIMESTAMP}, #{examLoreExercisesId,jdbcType=INTEGER}, #{chapterExerciseId,jdbcType=INTEGER}, 
      #{newId,jdbcType=VARCHAR}, #{examLoreExercisesNewId,jdbcType=VARCHAR}, #{title,jdbcType=LONGVARCHAR}, 
      #{description,jdbcType=LONGVARCHAR})
  </insert>
  <insert id="insertSelective" parameterType="com.juwen.ibc.pojo.ExamLoreExercisesItemWithBLOBs">
    insert into exam_lore_exercises_item
    <trim prefix="(" suffix=")" suffixOverrides=",">
      <if test="id != null">
        id,
      </if>
      <if test="listOrder != null">
        list_order,
      </if>
      <if test="createAt != null">
        create_at,
      </if>
      <if test="updatedAt != null">
        updated_at,
      </if>
      <if test="examLoreExercisesId != null">
        exam_lore_exercises_id,
      </if>
      <if test="chapterExerciseId != null">
        chapter_exercise_id,
      </if>
      <if test="newId != null">
        new_id,
      </if>
      <if test="examLoreExercisesNewId != null">
        exam_lore_exercises_new_id,
      </if>
      <if test="title != null">
        title,
      </if>
      <if test="description != null">
        description,
      </if>
    </trim>
    <trim prefix="values (" suffix=")" suffixOverrides=",">
      <if test="id != null">
        #{id,jdbcType=INTEGER},
      </if>
      <if test="listOrder != null">
        #{listOrder,jdbcType=INTEGER},
      </if>
      <if test="createAt != null">
        #{createAt,jdbcType=TIMESTAMP},
      </if>
      <if test="updatedAt != null">
        #{updatedAt,jdbcType=TIMESTAMP},
      </if>
      <if test="examLoreExercisesId != null">
        #{examLoreExercisesId,jdbcType=INTEGER},
      </if>
      <if test="chapterExerciseId != null">
        #{chapterExerciseId,jdbcType=INTEGER},
      </if>
      <if test="newId != null">
        #{newId,jdbcType=VARCHAR},
      </if>
      <if test="examLoreExercisesNewId != null">
        #{examLoreExercisesNewId,jdbcType=VARCHAR},
      </if>
      <if test="title != null">
        #{title,jdbcType=LONGVARCHAR},
      </if>
      <if test="description != null">
        #{description,jdbcType=LONGVARCHAR},
      </if>
    </trim>
  </insert>
  <update id="updateByPrimaryKeySelective" parameterType="com.juwen.ibc.pojo.ExamLoreExercisesItemWithBLOBs">
    update exam_lore_exercises_item
    <set>
      <if test="listOrder != null">
        list_order = #{listOrder,jdbcType=INTEGER},
      </if>
      <if test="createAt != null">
        create_at = #{createAt,jdbcType=TIMESTAMP},
      </if>
      <if test="updatedAt != null">
        updated_at = #{updatedAt,jdbcType=TIMESTAMP},
      </if>
      <if test="examLoreExercisesId != null">
        exam_lore_exercises_id = #{examLoreExercisesId,jdbcType=INTEGER},
      </if>
      <if test="chapterExerciseId != null">
        chapter_exercise_id = #{chapterExerciseId,jdbcType=INTEGER},
      </if>
      <if test="newId != null">
        new_id = #{newId,jdbcType=VARCHAR},
      </if>
      <if test="examLoreExercisesNewId != null">
        exam_lore_exercises_new_id = #{examLoreExercisesNewId,jdbcType=VARCHAR},
      </if>
      <if test="title != null">
        title = #{title,jdbcType=LONGVARCHAR},
      </if>
      <if test="description != null">
        description = #{description,jdbcType=LONGVARCHAR},
      </if>
    </set>
    where id = #{id,jdbcType=INTEGER}
  </update>
  <update id="updateByPrimaryKeyWithBLOBs" parameterType="com.juwen.ibc.pojo.ExamLoreExercisesItemWithBLOBs">
    update exam_lore_exercises_item
    set list_order = #{listOrder,jdbcType=INTEGER},
      create_at = #{createAt,jdbcType=TIMESTAMP},
      updated_at = #{updatedAt,jdbcType=TIMESTAMP},
      exam_lore_exercises_id = #{examLoreExercisesId,jdbcType=INTEGER},
      chapter_exercise_id = #{chapterExerciseId,jdbcType=INTEGER},
      new_id = #{newId,jdbcType=VARCHAR},
      exam_lore_exercises_new_id = #{examLoreExercisesNewId,jdbcType=VARCHAR},
      title = #{title,jdbcType=LONGVARCHAR},
      description = #{description,jdbcType=LONGVARCHAR}
    where id = #{id,jdbcType=INTEGER}
  </update>
  <update id="updateByPrimaryKey" parameterType="com.juwen.ibc.pojo.ExamLoreExercisesItem">
    update exam_lore_exercises_item
    set list_order = #{listOrder,jdbcType=INTEGER},
      create_at = #{createAt,jdbcType=TIMESTAMP},
      updated_at = #{updatedAt,jdbcType=TIMESTAMP},
      exam_lore_exercises_id = #{examLoreExercisesId,jdbcType=INTEGER},
      chapter_exercise_id = #{chapterExerciseId,jdbcType=INTEGER},
      new_id = #{newId,jdbcType=VARCHAR},
      exam_lore_exercises_new_id = #{examLoreExercisesNewId,jdbcType=VARCHAR}
    where id = #{id,jdbcType=INTEGER}
  </update>
</mapper>