<?xml version="1.0" encoding="UTF-8"?>
<!DOCTYPE mapper PUBLIC "-//mybatis.org//DTD Mapper 3.0//EN" "http://mybatis.org/dtd/mybatis-3-mapper.dtd">
<mapper namespace="com.juwen.ibc.dao.IStudentAutoSubjectRecordDAO">
  <resultMap id="BaseResultMap" type="com.juwen.ibc.pojo.StudentAutoSubjectRecord">
    <id column="id" jdbcType="INTEGER" property="id" />
    <result column="student_id" jdbcType="INTEGER" property="studentId" />
    <result column="type" jdbcType="INTEGER" property="type" />
    <result column="curriculum_id" jdbcType="INTEGER" property="curriculumId" />
    <result column="auto_subject_id" jdbcType="INTEGER" property="autoSubjectId" />
    <result column="auto_subject_name" jdbcType="VARCHAR" property="autoSubjectName" />
    <result column="answer_count" jdbcType="INTEGER" property="answerCount" />
    <result column="answer_error_count" jdbcType="INTEGER" property="answerErrorCount" />
    <result column="create_at" jdbcType="TIMESTAMP" property="createAt" />
    <result column="update_at" jdbcType="TIMESTAMP" property="updateAt" />
    <result column="last_answer_status" jdbcType="TINYINT" property="lastAnswerStatus" />
  </resultMap>
  <resultMap extends="BaseResultMap" id="ResultMapWithBLOBs" type="com.juwen.ibc.pojo.StudentAutoSubjectRecord">
    <result column="last_answer_contents" jdbcType="LONGVARCHAR" property="lastAnswerContents" />
  </resultMap>
  <sql id="Base_Column_List">
    id, student_id, type, curriculum_id, auto_subject_id, auto_subject_name, answer_count, 
    answer_error_count, create_at, update_at, last_answer_status
  </sql>
  <sql id="Blob_Column_List">
    last_answer_contents
  </sql>
  <select id="selectByPrimaryKey" parameterType="java.lang.Integer" resultMap="ResultMapWithBLOBs">
    select 
    <include refid="Base_Column_List" />
    ,
    <include refid="Blob_Column_List" />
    from student_auto_subject_record
    where id = #{id,jdbcType=INTEGER}
  </select>
  <delete id="deleteByPrimaryKey" parameterType="java.lang.Integer">
    delete from student_auto_subject_record
    where id = #{id,jdbcType=INTEGER}
  </delete>
  <insert id="insert" parameterType="com.juwen.ibc.pojo.StudentAutoSubjectRecord">
    insert into student_auto_subject_record (id, student_id, type, 
      curriculum_id, auto_subject_id, auto_subject_name, 
      answer_count, answer_error_count, create_at, 
      update_at, last_answer_status, last_answer_contents
      )
    values (#{id,jdbcType=INTEGER}, #{studentId,jdbcType=INTEGER}, #{type,jdbcType=INTEGER}, 
      #{curriculumId,jdbcType=INTEGER}, #{autoSubjectId,jdbcType=INTEGER}, #{autoSubjectName,jdbcType=VARCHAR}, 
      #{answerCount,jdbcType=INTEGER}, #{answerErrorCount,jdbcType=INTEGER}, #{createAt,jdbcType=TIMESTAMP}, 
      #{updateAt,jdbcType=TIMESTAMP}, #{lastAnswerStatus,jdbcType=TINYINT}, #{lastAnswerContents,jdbcType=LONGVARCHAR}
      )
  </insert>
  <insert id="insertSelective" parameterType="com.juwen.ibc.pojo.StudentAutoSubjectRecord">
    insert into student_auto_subject_record
    <trim prefix="(" suffix=")" suffixOverrides=",">
      <if test="id != null">
        id,
      </if>
      <if test="studentId != null">
        student_id,
      </if>
      <if test="type != null">
        type,
      </if>
      <if test="curriculumId != null">
        curriculum_id,
      </if>
      <if test="autoSubjectId != null">
        auto_subject_id,
      </if>
      <if test="autoSubjectName != null">
        auto_subject_name,
      </if>
      <if test="answerCount != null">
        answer_count,
      </if>
      <if test="answerErrorCount != null">
        answer_error_count,
      </if>
      <if test="createAt != null">
        create_at,
      </if>
      <if test="updateAt != null">
        update_at,
      </if>
      <if test="lastAnswerStatus != null">
        last_answer_status,
      </if>
      <if test="lastAnswerContents != null">
        last_answer_contents,
      </if>
    </trim>
    <trim prefix="values (" suffix=")" suffixOverrides=",">
      <if test="id != null">
        #{id,jdbcType=INTEGER},
      </if>
      <if test="studentId != null">
        #{studentId,jdbcType=INTEGER},
      </if>
      <if test="type != null">
        #{type,jdbcType=INTEGER},
      </if>
      <if test="curriculumId != null">
        #{curriculumId,jdbcType=INTEGER},
      </if>
      <if test="autoSubjectId != null">
        #{autoSubjectId,jdbcType=INTEGER},
      </if>
      <if test="autoSubjectName != null">
        #{autoSubjectName,jdbcType=VARCHAR},
      </if>
      <if test="answerCount != null">
        #{answerCount,jdbcType=INTEGER},
      </if>
      <if test="answerErrorCount != null">
        #{answerErrorCount,jdbcType=INTEGER},
      </if>
      <if test="createAt != null">
        #{createAt,jdbcType=TIMESTAMP},
      </if>
      <if test="updateAt != null">
        #{updateAt,jdbcType=TIMESTAMP},
      </if>
      <if test="lastAnswerStatus != null">
        #{lastAnswerStatus,jdbcType=TINYINT},
      </if>
      <if test="lastAnswerContents != null">
        #{lastAnswerContents,jdbcType=LONGVARCHAR},
      </if>
    </trim>
  </insert>
  <update id="updateByPrimaryKeySelective" parameterType="com.juwen.ibc.pojo.StudentAutoSubjectRecord">
    update student_auto_subject_record
    <set>
      <if test="studentId != null">
        student_id = #{studentId,jdbcType=INTEGER},
      </if>
      <if test="type != null">
        type = #{type,jdbcType=INTEGER},
      </if>
      <if test="curriculumId != null">
        curriculum_id = #{curriculumId,jdbcType=INTEGER},
      </if>
      <if test="autoSubjectId != null">
        auto_subject_id = #{autoSubjectId,jdbcType=INTEGER},
      </if>
      <if test="autoSubjectName != null">
        auto_subject_name = #{autoSubjectName,jdbcType=VARCHAR},
      </if>
      <if test="answerCount != null">
        answer_count = #{answerCount,jdbcType=INTEGER},
      </if>
      <if test="answerErrorCount != null">
        answer_error_count = #{answerErrorCount,jdbcType=INTEGER},
      </if>
      <if test="createAt != null">
        create_at = #{createAt,jdbcType=TIMESTAMP},
      </if>
      <if test="updateAt != null">
        update_at = #{updateAt,jdbcType=TIMESTAMP},
      </if>
      <if test="lastAnswerStatus != null">
        last_answer_status = #{lastAnswerStatus,jdbcType=TINYINT},
      </if>
      <if test="lastAnswerContents != null">
        last_answer_contents = #{lastAnswerContents,jdbcType=LONGVARCHAR},
      </if>
    </set>
    where id = #{id,jdbcType=INTEGER}
  </update>
  <update id="updateByPrimaryKeyWithBLOBs" parameterType="com.juwen.ibc.pojo.StudentAutoSubjectRecord">
    update student_auto_subject_record
    set student_id = #{studentId,jdbcType=INTEGER},
      type = #{type,jdbcType=INTEGER},
      curriculum_id = #{curriculumId,jdbcType=INTEGER},
      auto_subject_id = #{autoSubjectId,jdbcType=INTEGER},
      auto_subject_name = #{autoSubjectName,jdbcType=VARCHAR},
      answer_count = #{answerCount,jdbcType=INTEGER},
      answer_error_count = #{answerErrorCount,jdbcType=INTEGER},
      create_at = #{createAt,jdbcType=TIMESTAMP},
      update_at = #{updateAt,jdbcType=TIMESTAMP},
      last_answer_status = #{lastAnswerStatus,jdbcType=TINYINT},
      last_answer_contents = #{lastAnswerContents,jdbcType=LONGVARCHAR}
    where id = #{id,jdbcType=INTEGER}
  </update>
  <update id="updateByPrimaryKey" parameterType="com.juwen.ibc.pojo.StudentAutoSubjectRecord">
    update student_auto_subject_record
    set student_id = #{studentId,jdbcType=INTEGER},
      type = #{type,jdbcType=INTEGER},
      curriculum_id = #{curriculumId,jdbcType=INTEGER},
      auto_subject_id = #{autoSubjectId,jdbcType=INTEGER},
      auto_subject_name = #{autoSubjectName,jdbcType=VARCHAR},
      answer_count = #{answerCount,jdbcType=INTEGER},
      answer_error_count = #{answerErrorCount,jdbcType=INTEGER},
      create_at = #{createAt,jdbcType=TIMESTAMP},
      update_at = #{updateAt,jdbcType=TIMESTAMP},
      last_answer_status = #{lastAnswerStatus,jdbcType=TINYINT}
    where id = #{id,jdbcType=INTEGER}
  </update>
</mapper>