<?xml version="1.0" encoding="UTF-8"?>
<!DOCTYPE mapper PUBLIC "-//mybatis.org//DTD Mapper 3.0//EN" "http://mybatis.org/dtd/mybatis-3-mapper.dtd">
<mapper namespace="com.juwen.ibc.dao.IStudyPlanDAO">
  <resultMap id="BaseResultMap" type="com.juwen.ibc.pojo.StudyPlan">
    <id column="id" jdbcType="INTEGER" property="id" />
    <result column="curriculum_id" jdbcType="INTEGER" property="curriculumId" />
    <result column="curriculum_name" jdbcType="VARCHAR" property="curriculumName" />
    <result column="curriculum_code" jdbcType="VARCHAR" property="curriculumCode" />
    <result column="student_info_id" jdbcType="INTEGER" property="studentInfoId" />
    <result column="login_name" jdbcType="VARCHAR" property="loginName" />
    <result column="type" jdbcType="INTEGER" property="type" />
    <result column="review_one" jdbcType="VARCHAR" property="reviewOne" />
    <result column="review_two" jdbcType="VARCHAR" property="reviewTwo" />
    <result column="review_three" jdbcType="VARCHAR" property="reviewThree" />
    <result column="grade_desc" jdbcType="VARCHAR" property="gradeDesc" />
    <result column="create_at" jdbcType="TIMESTAMP" property="createAt" />
    <result column="status" jdbcType="INTEGER" property="status" />
    <result column="list_order" jdbcType="INTEGER" property="listOrder" />
    <result column="professional_id" jdbcType="INTEGER" property="professionalId" />
  </resultMap>
  <sql id="Base_Column_List">
    id, curriculum_id, curriculum_name, curriculum_code, student_info_id, login_name, 
    type, review_one, review_two, review_three, grade_desc, create_at, status, list_order, 
    professional_id
  </sql>
  <select id="selectByPrimaryKey" parameterType="java.lang.Integer" resultMap="BaseResultMap">
    select 
    <include refid="Base_Column_List" />
    from study_plan
    where id = #{id,jdbcType=INTEGER}
  </select>
  <delete id="deleteByPrimaryKey" parameterType="java.lang.Integer">
    delete from study_plan
    where id = #{id,jdbcType=INTEGER}
  </delete>
  <insert id="insert" parameterType="com.juwen.ibc.pojo.StudyPlan">
    insert into study_plan (id, curriculum_id, curriculum_name, 
      curriculum_code, student_info_id, login_name, 
      type, review_one, review_two, 
      review_three, grade_desc, create_at, 
      status, list_order, professional_id
      )
    values (#{id,jdbcType=INTEGER}, #{curriculumId,jdbcType=INTEGER}, #{curriculumName,jdbcType=VARCHAR}, 
      #{curriculumCode,jdbcType=VARCHAR}, #{studentInfoId,jdbcType=INTEGER}, #{loginName,jdbcType=VARCHAR}, 
      #{type,jdbcType=INTEGER}, #{reviewOne,jdbcType=VARCHAR}, #{reviewTwo,jdbcType=VARCHAR}, 
      #{reviewThree,jdbcType=VARCHAR}, #{gradeDesc,jdbcType=VARCHAR}, #{createAt,jdbcType=TIMESTAMP}, 
      #{status,jdbcType=INTEGER}, #{listOrder,jdbcType=INTEGER}, #{professionalId,jdbcType=INTEGER}
      )
  </insert>
  <insert id="insertSelective" parameterType="com.juwen.ibc.pojo.StudyPlan">
    insert into study_plan
    <trim prefix="(" suffix=")" suffixOverrides=",">
      <if test="id != null">
        id,
      </if>
      <if test="curriculumId != null">
        curriculum_id,
      </if>
      <if test="curriculumName != null">
        curriculum_name,
      </if>
      <if test="curriculumCode != null">
        curriculum_code,
      </if>
      <if test="studentInfoId != null">
        student_info_id,
      </if>
      <if test="loginName != null">
        login_name,
      </if>
      <if test="type != null">
        type,
      </if>
      <if test="reviewOne != null">
        review_one,
      </if>
      <if test="reviewTwo != null">
        review_two,
      </if>
      <if test="reviewThree != null">
        review_three,
      </if>
      <if test="gradeDesc != null">
        grade_desc,
      </if>
      <if test="createAt != null">
        create_at,
      </if>
      <if test="status != null">
        status,
      </if>
      <if test="listOrder != null">
        list_order,
      </if>
      <if test="professionalId != null">
        professional_id,
      </if>
    </trim>
    <trim prefix="values (" suffix=")" suffixOverrides=",">
      <if test="id != null">
        #{id,jdbcType=INTEGER},
      </if>
      <if test="curriculumId != null">
        #{curriculumId,jdbcType=INTEGER},
      </if>
      <if test="curriculumName != null">
        #{curriculumName,jdbcType=VARCHAR},
      </if>
      <if test="curriculumCode != null">
        #{curriculumCode,jdbcType=VARCHAR},
      </if>
      <if test="studentInfoId != null">
        #{studentInfoId,jdbcType=INTEGER},
      </if>
      <if test="loginName != null">
        #{loginName,jdbcType=VARCHAR},
      </if>
      <if test="type != null">
        #{type,jdbcType=INTEGER},
      </if>
      <if test="reviewOne != null">
        #{reviewOne,jdbcType=VARCHAR},
      </if>
      <if test="reviewTwo != null">
        #{reviewTwo,jdbcType=VARCHAR},
      </if>
      <if test="reviewThree != null">
        #{reviewThree,jdbcType=VARCHAR},
      </if>
      <if test="gradeDesc != null">
        #{gradeDesc,jdbcType=VARCHAR},
      </if>
      <if test="createAt != null">
        #{createAt,jdbcType=TIMESTAMP},
      </if>
      <if test="status != null">
        #{status,jdbcType=INTEGER},
      </if>
      <if test="listOrder != null">
        #{listOrder,jdbcType=INTEGER},
      </if>
      <if test="professionalId != null">
        #{professionalId,jdbcType=INTEGER},
      </if>
    </trim>
  </insert>
  <update id="updateByPrimaryKeySelective" parameterType="com.juwen.ibc.pojo.StudyPlan">
    update study_plan
    <set>
      <if test="curriculumId != null">
        curriculum_id = #{curriculumId,jdbcType=INTEGER},
      </if>
      <if test="curriculumName != null">
        curriculum_name = #{curriculumName,jdbcType=VARCHAR},
      </if>
      <if test="curriculumCode != null">
        curriculum_code = #{curriculumCode,jdbcType=VARCHAR},
      </if>
      <if test="studentInfoId != null">
        student_info_id = #{studentInfoId,jdbcType=INTEGER},
      </if>
      <if test="loginName != null">
        login_name = #{loginName,jdbcType=VARCHAR},
      </if>
      <if test="type != null">
        type = #{type,jdbcType=INTEGER},
      </if>
      <if test="reviewOne != null">
        review_one = #{reviewOne,jdbcType=VARCHAR},
      </if>
      <if test="reviewTwo != null">
        review_two = #{reviewTwo,jdbcType=VARCHAR},
      </if>
      <if test="reviewThree != null">
        review_three = #{reviewThree,jdbcType=VARCHAR},
      </if>
      <if test="gradeDesc != null">
        grade_desc = #{gradeDesc,jdbcType=VARCHAR},
      </if>
      <if test="createAt != null">
        create_at = #{createAt,jdbcType=TIMESTAMP},
      </if>
      <if test="status != null">
        status = #{status,jdbcType=INTEGER},
      </if>
      <if test="listOrder != null">
        list_order = #{listOrder,jdbcType=INTEGER},
      </if>
      <if test="professionalId != null">
        professional_id = #{professionalId,jdbcType=INTEGER},
      </if>
    </set>
    where id = #{id,jdbcType=INTEGER}
  </update>
  <update id="updateByPrimaryKey" parameterType="com.juwen.ibc.pojo.StudyPlan">
    update study_plan
    set curriculum_id = #{curriculumId,jdbcType=INTEGER},
      curriculum_name = #{curriculumName,jdbcType=VARCHAR},
      curriculum_code = #{curriculumCode,jdbcType=VARCHAR},
      student_info_id = #{studentInfoId,jdbcType=INTEGER},
      login_name = #{loginName,jdbcType=VARCHAR},
      type = #{type,jdbcType=INTEGER},
      review_one = #{reviewOne,jdbcType=VARCHAR},
      review_two = #{reviewTwo,jdbcType=VARCHAR},
      review_three = #{reviewThree,jdbcType=VARCHAR},
      grade_desc = #{gradeDesc,jdbcType=VARCHAR},
      create_at = #{createAt,jdbcType=TIMESTAMP},
      status = #{status,jdbcType=INTEGER},
      list_order = #{listOrder,jdbcType=INTEGER},
      professional_id = #{professionalId,jdbcType=INTEGER}
    where id = #{id,jdbcType=INTEGER}
  </update>
</mapper>