<?xml version="1.0" encoding="UTF-8"?>
<!DOCTYPE mapper PUBLIC "-//mybatis.org//DTD Mapper 3.0//EN" "http://mybatis.org/dtd/mybatis-3-mapper.dtd">
<mapper namespace="com.juwen.ibc.dao.IStudentFeedbackDetailDAO">
  <resultMap id="BaseResultMap" type="com.juwen.ibc.pojo.StudentFeedbackDetail">
    <id column="id" jdbcType="INTEGER" property="id" />
    <result column="student_feedback_id" jdbcType="INTEGER" property="studentFeedbackId" />
    <result column="detail" jdbcType="VARCHAR" property="detail" />
    <result column="operator_id" jdbcType="INTEGER" property="operatorId" />
    <result column="parent_id" jdbcType="INTEGER" property="parentId" />
    <result column="status" jdbcType="INTEGER" property="status" />
    <result column="create_at" jdbcType="TIMESTAMP" property="createAt" />
  </resultMap>
  <sql id="Base_Column_List">
    id, student_feedback_id, detail, operator_id, parent_id, status, create_at
  </sql>
  <select id="selectByPrimaryKey" parameterType="java.lang.Integer" resultMap="BaseResultMap">
    select 
    <include refid="Base_Column_List" />
    from student_feedback_detail
    where id = #{id,jdbcType=INTEGER}
  </select>
  <delete id="deleteByPrimaryKey" parameterType="java.lang.Integer">
    delete from student_feedback_detail
    where id = #{id,jdbcType=INTEGER}
  </delete>
  <insert id="insert" parameterType="com.juwen.ibc.pojo.StudentFeedbackDetail">
    insert into student_feedback_detail (id, student_feedback_id, detail, 
      operator_id, parent_id, status, 
      create_at)
    values (#{id,jdbcType=INTEGER}, #{studentFeedbackId,jdbcType=INTEGER}, #{detail,jdbcType=VARCHAR}, 
      #{operatorId,jdbcType=INTEGER}, #{parentId,jdbcType=INTEGER}, #{status,jdbcType=INTEGER}, 
      #{createAt,jdbcType=TIMESTAMP})
  </insert>
  <insert id="insertSelective" parameterType="com.juwen.ibc.pojo.StudentFeedbackDetail">
    insert into student_feedback_detail
    <trim prefix="(" suffix=")" suffixOverrides=",">
      <if test="id != null">
        id,
      </if>
      <if test="studentFeedbackId != null">
        student_feedback_id,
      </if>
      <if test="detail != null">
        detail,
      </if>
      <if test="operatorId != null">
        operator_id,
      </if>
      <if test="parentId != null">
        parent_id,
      </if>
      <if test="status != null">
        status,
      </if>
      <if test="createAt != null">
        create_at,
      </if>
    </trim>
    <trim prefix="values (" suffix=")" suffixOverrides=",">
      <if test="id != null">
        #{id,jdbcType=INTEGER},
      </if>
      <if test="studentFeedbackId != null">
        #{studentFeedbackId,jdbcType=INTEGER},
      </if>
      <if test="detail != null">
        #{detail,jdbcType=VARCHAR},
      </if>
      <if test="operatorId != null">
        #{operatorId,jdbcType=INTEGER},
      </if>
      <if test="parentId != null">
        #{parentId,jdbcType=INTEGER},
      </if>
      <if test="status != null">
        #{status,jdbcType=INTEGER},
      </if>
      <if test="createAt != null">
        #{createAt,jdbcType=TIMESTAMP},
      </if>
    </trim>
  </insert>
  <update id="updateByPrimaryKeySelective" parameterType="com.juwen.ibc.pojo.StudentFeedbackDetail">
    update student_feedback_detail
    <set>
      <if test="studentFeedbackId != null">
        student_feedback_id = #{studentFeedbackId,jdbcType=INTEGER},
      </if>
      <if test="detail != null">
        detail = #{detail,jdbcType=VARCHAR},
      </if>
      <if test="operatorId != null">
        operator_id = #{operatorId,jdbcType=INTEGER},
      </if>
      <if test="parentId != null">
        parent_id = #{parentId,jdbcType=INTEGER},
      </if>
      <if test="status != null">
        status = #{status,jdbcType=INTEGER},
      </if>
      <if test="createAt != null">
        create_at = #{createAt,jdbcType=TIMESTAMP},
      </if>
    </set>
    where id = #{id,jdbcType=INTEGER}
  </update>
  <update id="updateByPrimaryKey" parameterType="com.juwen.ibc.pojo.StudentFeedbackDetail">
    update student_feedback_detail
    set student_feedback_id = #{studentFeedbackId,jdbcType=INTEGER},
      detail = #{detail,jdbcType=VARCHAR},
      operator_id = #{operatorId,jdbcType=INTEGER},
      parent_id = #{parentId,jdbcType=INTEGER},
      status = #{status,jdbcType=INTEGER},
      create_at = #{createAt,jdbcType=TIMESTAMP}
    where id = #{id,jdbcType=INTEGER}
  </update>
</mapper>