<?xml version="1.0" encoding="UTF-8"?>
<!DOCTYPE mapper PUBLIC "-//mybatis.org//DTD Mapper 3.0//EN" "http://mybatis.org/dtd/mybatis-3-mapper.dtd">
<mapper namespace="com.juwen.ibc.dao.IStudentStudyNotesDAO">
  <resultMap id="BaseResultMap" type="com.juwen.ibc.pojo.StudentStudyNotes">
    <id column="id" jdbcType="INTEGER" property="id" />
    <result column="student_info_id" jdbcType="INTEGER" property="studentInfoId" />
    <result column="type" jdbcType="INTEGER" property="type" />
    <result column="notes_title" jdbcType="VARCHAR" property="notesTitle" />
    <result column="contents" jdbcType="VARCHAR" property="contents" />
    <result column="curriculum_id" jdbcType="INTEGER" property="curriculumId" />
    <result column="bussiness_id" jdbcType="INTEGER" property="bussinessId" />
    <result column="source_table" jdbcType="VARCHAR" property="sourceTable" />
    <result column="status" jdbcType="TINYINT" property="status" />
    <result column="create_at" jdbcType="TIMESTAMP" property="createAt" />
    <result column="update_at" jdbcType="TIMESTAMP" property="updateAt" />
  </resultMap>
  <sql id="Base_Column_List">
    id, student_info_id, type, notes_title, contents, curriculum_id, bussiness_id, source_table, 
    status, create_at, update_at
  </sql>
  <select id="selectByPrimaryKey" parameterType="java.lang.Integer" resultMap="BaseResultMap">
    select 
    <include refid="Base_Column_List" />
    from student_study_notes
    where id = #{id,jdbcType=INTEGER}
  </select>
  <delete id="deleteByPrimaryKey" parameterType="java.lang.Integer">
    delete from student_study_notes
    where id = #{id,jdbcType=INTEGER}
  </delete>
  <insert id="insert" parameterType="com.juwen.ibc.pojo.StudentStudyNotes">
    insert into student_study_notes (id, student_info_id, type, 
      notes_title, contents, curriculum_id, 
      bussiness_id, source_table, status, 
      create_at, update_at)
    values (#{id,jdbcType=INTEGER}, #{studentInfoId,jdbcType=INTEGER}, #{type,jdbcType=INTEGER}, 
      #{notesTitle,jdbcType=VARCHAR}, #{contents,jdbcType=VARCHAR}, #{curriculumId,jdbcType=INTEGER}, 
      #{bussinessId,jdbcType=INTEGER}, #{sourceTable,jdbcType=VARCHAR}, #{status,jdbcType=TINYINT}, 
      #{createAt,jdbcType=TIMESTAMP}, #{updateAt,jdbcType=TIMESTAMP})
  </insert>
  <insert id="insertSelective" parameterType="com.juwen.ibc.pojo.StudentStudyNotes">
    insert into student_study_notes
    <trim prefix="(" suffix=")" suffixOverrides=",">
      <if test="id != null">
        id,
      </if>
      <if test="studentInfoId != null">
        student_info_id,
      </if>
      <if test="type != null">
        type,
      </if>
      <if test="notesTitle != null">
        notes_title,
      </if>
      <if test="contents != null">
        contents,
      </if>
      <if test="curriculumId != null">
        curriculum_id,
      </if>
      <if test="bussinessId != null">
        bussiness_id,
      </if>
      <if test="sourceTable != null">
        source_table,
      </if>
      <if test="status != null">
        status,
      </if>
      <if test="createAt != null">
        create_at,
      </if>
      <if test="updateAt != null">
        update_at,
      </if>
    </trim>
    <trim prefix="values (" suffix=")" suffixOverrides=",">
      <if test="id != null">
        #{id,jdbcType=INTEGER},
      </if>
      <if test="studentInfoId != null">
        #{studentInfoId,jdbcType=INTEGER},
      </if>
      <if test="type != null">
        #{type,jdbcType=INTEGER},
      </if>
      <if test="notesTitle != null">
        #{notesTitle,jdbcType=VARCHAR},
      </if>
      <if test="contents != null">
        #{contents,jdbcType=VARCHAR},
      </if>
      <if test="curriculumId != null">
        #{curriculumId,jdbcType=INTEGER},
      </if>
      <if test="bussinessId != null">
        #{bussinessId,jdbcType=INTEGER},
      </if>
      <if test="sourceTable != null">
        #{sourceTable,jdbcType=VARCHAR},
      </if>
      <if test="status != null">
        #{status,jdbcType=TINYINT},
      </if>
      <if test="createAt != null">
        #{createAt,jdbcType=TIMESTAMP},
      </if>
      <if test="updateAt != null">
        #{updateAt,jdbcType=TIMESTAMP},
      </if>
    </trim>
  </insert>
  <update id="updateByPrimaryKeySelective" parameterType="com.juwen.ibc.pojo.StudentStudyNotes">
    update student_study_notes
    <set>
      <if test="studentInfoId != null">
        student_info_id = #{studentInfoId,jdbcType=INTEGER},
      </if>
      <if test="type != null">
        type = #{type,jdbcType=INTEGER},
      </if>
      <if test="notesTitle != null">
        notes_title = #{notesTitle,jdbcType=VARCHAR},
      </if>
      <if test="contents != null">
        contents = #{contents,jdbcType=VARCHAR},
      </if>
      <if test="curriculumId != null">
        curriculum_id = #{curriculumId,jdbcType=INTEGER},
      </if>
      <if test="bussinessId != null">
        bussiness_id = #{bussinessId,jdbcType=INTEGER},
      </if>
      <if test="sourceTable != null">
        source_table = #{sourceTable,jdbcType=VARCHAR},
      </if>
      <if test="status != null">
        status = #{status,jdbcType=TINYINT},
      </if>
      <if test="createAt != null">
        create_at = #{createAt,jdbcType=TIMESTAMP},
      </if>
      <if test="updateAt != null">
        update_at = #{updateAt,jdbcType=TIMESTAMP},
      </if>
    </set>
    where id = #{id,jdbcType=INTEGER}
  </update>
  <update id="updateByPrimaryKey" parameterType="com.juwen.ibc.pojo.StudentStudyNotes">
    update student_study_notes
    set student_info_id = #{studentInfoId,jdbcType=INTEGER},
      type = #{type,jdbcType=INTEGER},
      notes_title = #{notesTitle,jdbcType=VARCHAR},
      contents = #{contents,jdbcType=VARCHAR},
      curriculum_id = #{curriculumId,jdbcType=INTEGER},
      bussiness_id = #{bussinessId,jdbcType=INTEGER},
      source_table = #{sourceTable,jdbcType=VARCHAR},
      status = #{status,jdbcType=TINYINT},
      create_at = #{createAt,jdbcType=TIMESTAMP},
      update_at = #{updateAt,jdbcType=TIMESTAMP}
    where id = #{id,jdbcType=INTEGER}
  </update>
</mapper>