<?xml version="1.0" encoding="UTF-8"?>
<!DOCTYPE mapper PUBLIC "-//mybatis.org//DTD Mapper 3.0//EN" "http://mybatis.org/dtd/mybatis-3-mapper.dtd">
<mapper namespace="com.juwen.ibc.dao.IStudyCommentLikeRecordDAO">
  <resultMap id="BaseResultMap" type="com.juwen.ibc.pojo.StudyCommentLikeRecord">
    <id column="id" jdbcType="INTEGER" property="id" />
    <result column="student_id" jdbcType="INTEGER" property="studentId" />
    <result column="study_comment_id" jdbcType="INTEGER" property="studyCommentId" />
    <result column="create_at" jdbcType="TIMESTAMP" property="createAt" />
  </resultMap>
  <sql id="Base_Column_List">
    id, student_id, study_comment_id, create_at
  </sql>
  <select id="selectByPrimaryKey" parameterType="java.lang.Integer" resultMap="BaseResultMap">
    select 
    <include refid="Base_Column_List" />
    from study_comment_like_record
    where id = #{id,jdbcType=INTEGER}
  </select>
  <delete id="deleteByPrimaryKey" parameterType="java.lang.Integer">
    delete from study_comment_like_record
    where id = #{id,jdbcType=INTEGER}
  </delete>
  <insert id="insert" parameterType="com.juwen.ibc.pojo.StudyCommentLikeRecord">
    insert into study_comment_like_record (id, student_id, study_comment_id, 
      create_at)
    values (#{id,jdbcType=INTEGER}, #{studentId,jdbcType=INTEGER}, #{studyCommentId,jdbcType=INTEGER}, 
      #{createAt,jdbcType=TIMESTAMP})
  </insert>
  <insert id="insertSelective" parameterType="com.juwen.ibc.pojo.StudyCommentLikeRecord">
    insert into study_comment_like_record
    <trim prefix="(" suffix=")" suffixOverrides=",">
      <if test="id != null">
        id,
      </if>
      <if test="studentId != null">
        student_id,
      </if>
      <if test="studyCommentId != null">
        study_comment_id,
      </if>
      <if test="createAt != null">
        create_at,
      </if>
    </trim>
    <trim prefix="values (" suffix=")" suffixOverrides=",">
      <if test="id != null">
        #{id,jdbcType=INTEGER},
      </if>
      <if test="studentId != null">
        #{studentId,jdbcType=INTEGER},
      </if>
      <if test="studyCommentId != null">
        #{studyCommentId,jdbcType=INTEGER},
      </if>
      <if test="createAt != null">
        #{createAt,jdbcType=TIMESTAMP},
      </if>
    </trim>
  </insert>
  <update id="updateByPrimaryKeySelective" parameterType="com.juwen.ibc.pojo.StudyCommentLikeRecord">
    update study_comment_like_record
    <set>
      <if test="studentId != null">
        student_id = #{studentId,jdbcType=INTEGER},
      </if>
      <if test="studyCommentId != null">
        study_comment_id = #{studyCommentId,jdbcType=INTEGER},
      </if>
      <if test="createAt != null">
        create_at = #{createAt,jdbcType=TIMESTAMP},
      </if>
    </set>
    where id = #{id,jdbcType=INTEGER}
  </update>
  <update id="updateByPrimaryKey" parameterType="com.juwen.ibc.pojo.StudyCommentLikeRecord">
    update study_comment_like_record
    set student_id = #{studentId,jdbcType=INTEGER},
      study_comment_id = #{studyCommentId,jdbcType=INTEGER},
      create_at = #{createAt,jdbcType=TIMESTAMP}
    where id = #{id,jdbcType=INTEGER}
  </update>
</mapper>