<?xml version="1.0" encoding="UTF-8"?>
<!DOCTYPE mapper PUBLIC "-//mybatis.org//DTD Mapper 3.0//EN" "http://mybatis.org/dtd/mybatis-3-mapper.dtd">
<mapper namespace="com.juwen.ibc.dao.IStudyCommentDAO">
  <resultMap id="BaseResultMap" type="com.juwen.ibc.pojo.StudyComment">
    <id column="id" jdbcType="INTEGER" property="id" />
    <result column="student_info_id" jdbcType="INTEGER" property="studentInfoId" />
    <result column="notes" jdbcType="VARCHAR" property="notes" />
    <result column="bussiness_id" jdbcType="INTEGER" property="bussinessId" />
    <result column="notes_type" jdbcType="INTEGER" property="notesType" />
    <result column="parent_id" jdbcType="INTEGER" property="parentId" />
    <result column="status" jdbcType="INTEGER" property="status" />
    <result column="create_at" jdbcType="TIMESTAMP" property="createAt" />
  </resultMap>
  <sql id="Base_Column_List">
    id, student_info_id, notes, bussiness_id, notes_type, parent_id, status, create_at
  </sql>
  <select id="selectByPrimaryKey" parameterType="java.lang.Integer" resultMap="BaseResultMap">
    select 
    <include refid="Base_Column_List" />
    from study_comment
    where id = #{id,jdbcType=INTEGER}
  </select>
  <delete id="deleteByPrimaryKey" parameterType="java.lang.Integer">
    delete from study_comment
    where id = #{id,jdbcType=INTEGER}
  </delete>
  <insert id="insert" parameterType="com.juwen.ibc.pojo.StudyComment">
    insert into study_comment (id, student_info_id, notes, 
      bussiness_id, notes_type, parent_id, 
      status, create_at)
    values (#{id,jdbcType=INTEGER}, #{studentInfoId,jdbcType=INTEGER}, #{notes,jdbcType=VARCHAR}, 
      #{bussinessId,jdbcType=INTEGER}, #{notesType,jdbcType=INTEGER}, #{parentId,jdbcType=INTEGER}, 
      #{status,jdbcType=INTEGER}, #{createAt,jdbcType=TIMESTAMP})
  </insert>
  <insert id="insertSelective" parameterType="com.juwen.ibc.pojo.StudyComment">
    insert into study_comment
    <trim prefix="(" suffix=")" suffixOverrides=",">
      <if test="id != null">
        id,
      </if>
      <if test="studentInfoId != null">
        student_info_id,
      </if>
      <if test="notes != null">
        notes,
      </if>
      <if test="bussinessId != null">
        bussiness_id,
      </if>
      <if test="notesType != null">
        notes_type,
      </if>
      <if test="parentId != null">
        parent_id,
      </if>
      <if test="status != null">
        status,
      </if>
      <if test="createAt != null">
        create_at,
      </if>
    </trim>
    <trim prefix="values (" suffix=")" suffixOverrides=",">
      <if test="id != null">
        #{id,jdbcType=INTEGER},
      </if>
      <if test="studentInfoId != null">
        #{studentInfoId,jdbcType=INTEGER},
      </if>
      <if test="notes != null">
        #{notes,jdbcType=VARCHAR},
      </if>
      <if test="bussinessId != null">
        #{bussinessId,jdbcType=INTEGER},
      </if>
      <if test="notesType != null">
        #{notesType,jdbcType=INTEGER},
      </if>
      <if test="parentId != null">
        #{parentId,jdbcType=INTEGER},
      </if>
      <if test="status != null">
        #{status,jdbcType=INTEGER},
      </if>
      <if test="createAt != null">
        #{createAt,jdbcType=TIMESTAMP},
      </if>
    </trim>
  </insert>
  <update id="updateByPrimaryKeySelective" parameterType="com.juwen.ibc.pojo.StudyComment">
    update study_comment
    <set>
      <if test="studentInfoId != null">
        student_info_id = #{studentInfoId,jdbcType=INTEGER},
      </if>
      <if test="notes != null">
        notes = #{notes,jdbcType=VARCHAR},
      </if>
      <if test="bussinessId != null">
        bussiness_id = #{bussinessId,jdbcType=INTEGER},
      </if>
      <if test="notesType != null">
        notes_type = #{notesType,jdbcType=INTEGER},
      </if>
      <if test="parentId != null">
        parent_id = #{parentId,jdbcType=INTEGER},
      </if>
      <if test="status != null">
        status = #{status,jdbcType=INTEGER},
      </if>
      <if test="createAt != null">
        create_at = #{createAt,jdbcType=TIMESTAMP},
      </if>
    </set>
    where id = #{id,jdbcType=INTEGER}
  </update>
  <update id="updateByPrimaryKey" parameterType="com.juwen.ibc.pojo.StudyComment">
    update study_comment
    set student_info_id = #{studentInfoId,jdbcType=INTEGER},
      notes = #{notes,jdbcType=VARCHAR},
      bussiness_id = #{bussinessId,jdbcType=INTEGER},
      notes_type = #{notesType,jdbcType=INTEGER},
      parent_id = #{parentId,jdbcType=INTEGER},
      status = #{status,jdbcType=INTEGER},
      create_at = #{createAt,jdbcType=TIMESTAMP}
    where id = #{id,jdbcType=INTEGER}
  </update>
</mapper>