<?xml version="1.0" encoding="UTF-8"?>
<!DOCTYPE mapper PUBLIC "-//mybatis.org//DTD Mapper 3.0//EN" "http://mybatis.org/dtd/mybatis-3-mapper.dtd">
<mapper namespace="com.juwen.ibc.dao.ISystemVideoPlayRecordDAO">
  <resultMap id="BaseResultMap" type="com.juwen.ibc.pojo.SystemVideoPlayRecord">
    <id column="id" jdbcType="INTEGER" property="id" />
    <result column="play_duration" jdbcType="INTEGER" property="playDuration" />
    <result column="create_at" jdbcType="TIMESTAMP" property="createAt" />
    <result column="update_at" jdbcType="TIMESTAMP" property="updateAt" />
    <result column="last_play_time" jdbcType="TIMESTAMP" property="lastPlayTime" />
    <result column="system_video_id" jdbcType="INTEGER" property="systemVideoId" />
    <result column="student_info_id" jdbcType="INTEGER" property="studentInfoId" />
    <result column="system_video_detail_id" jdbcType="INTEGER" property="systemVideoDetailId" />
  </resultMap>
  <sql id="Base_Column_List">
    id, play_duration, create_at, update_at, last_play_time, system_video_id, student_info_id, 
    system_video_detail_id
  </sql>
  <select id="selectByPrimaryKey" parameterType="java.lang.Integer" resultMap="BaseResultMap">
    select 
    <include refid="Base_Column_List" />
    from system_video_play_record
    where id = #{id,jdbcType=INTEGER}
  </select>
  <delete id="deleteByPrimaryKey" parameterType="java.lang.Integer">
    delete from system_video_play_record
    where id = #{id,jdbcType=INTEGER}
  </delete>
  <insert id="insert" parameterType="com.juwen.ibc.pojo.SystemVideoPlayRecord">
    insert into system_video_play_record (id, play_duration, create_at, 
      update_at, last_play_time, system_video_id, 
      student_info_id, system_video_detail_id)
    values (#{id,jdbcType=INTEGER}, #{playDuration,jdbcType=INTEGER}, #{createAt,jdbcType=TIMESTAMP}, 
      #{updateAt,jdbcType=TIMESTAMP}, #{lastPlayTime,jdbcType=TIMESTAMP}, #{systemVideoId,jdbcType=INTEGER}, 
      #{studentInfoId,jdbcType=INTEGER}, #{systemVideoDetailId,jdbcType=INTEGER})
  </insert>
  <insert id="insertSelective" parameterType="com.juwen.ibc.pojo.SystemVideoPlayRecord">
    insert into system_video_play_record
    <trim prefix="(" suffix=")" suffixOverrides=",">
      <if test="id != null">
        id,
      </if>
      <if test="playDuration != null">
        play_duration,
      </if>
      <if test="createAt != null">
        create_at,
      </if>
      <if test="updateAt != null">
        update_at,
      </if>
      <if test="lastPlayTime != null">
        last_play_time,
      </if>
      <if test="systemVideoId != null">
        system_video_id,
      </if>
      <if test="studentInfoId != null">
        student_info_id,
      </if>
      <if test="systemVideoDetailId != null">
        system_video_detail_id,
      </if>
    </trim>
    <trim prefix="values (" suffix=")" suffixOverrides=",">
      <if test="id != null">
        #{id,jdbcType=INTEGER},
      </if>
      <if test="playDuration != null">
        #{playDuration,jdbcType=INTEGER},
      </if>
      <if test="createAt != null">
        #{createAt,jdbcType=TIMESTAMP},
      </if>
      <if test="updateAt != null">
        #{updateAt,jdbcType=TIMESTAMP},
      </if>
      <if test="lastPlayTime != null">
        #{lastPlayTime,jdbcType=TIMESTAMP},
      </if>
      <if test="systemVideoId != null">
        #{systemVideoId,jdbcType=INTEGER},
      </if>
      <if test="studentInfoId != null">
        #{studentInfoId,jdbcType=INTEGER},
      </if>
      <if test="systemVideoDetailId != null">
        #{systemVideoDetailId,jdbcType=INTEGER},
      </if>
    </trim>
  </insert>
  <update id="updateByPrimaryKeySelective" parameterType="com.juwen.ibc.pojo.SystemVideoPlayRecord">
    update system_video_play_record
    <set>
      <if test="playDuration != null">
        play_duration = #{playDuration,jdbcType=INTEGER},
      </if>
      <if test="createAt != null">
        create_at = #{createAt,jdbcType=TIMESTAMP},
      </if>
      <if test="updateAt != null">
        update_at = #{updateAt,jdbcType=TIMESTAMP},
      </if>
      <if test="lastPlayTime != null">
        last_play_time = #{lastPlayTime,jdbcType=TIMESTAMP},
      </if>
      <if test="systemVideoId != null">
        system_video_id = #{systemVideoId,jdbcType=INTEGER},
      </if>
      <if test="studentInfoId != null">
        student_info_id = #{studentInfoId,jdbcType=INTEGER},
      </if>
      <if test="systemVideoDetailId != null">
        system_video_detail_id = #{systemVideoDetailId,jdbcType=INTEGER},
      </if>
    </set>
    where id = #{id,jdbcType=INTEGER}
  </update>
  <update id="updateByPrimaryKey" parameterType="com.juwen.ibc.pojo.SystemVideoPlayRecord">
    update system_video_play_record
    set play_duration = #{playDuration,jdbcType=INTEGER},
      create_at = #{createAt,jdbcType=TIMESTAMP},
      update_at = #{updateAt,jdbcType=TIMESTAMP},
      last_play_time = #{lastPlayTime,jdbcType=TIMESTAMP},
      system_video_id = #{systemVideoId,jdbcType=INTEGER},
      student_info_id = #{studentInfoId,jdbcType=INTEGER},
      system_video_detail_id = #{systemVideoDetailId,jdbcType=INTEGER}
    where id = #{id,jdbcType=INTEGER}
  </update>
</mapper>