<?xml version="1.0" encoding="UTF-8"?>
<!DOCTYPE mapper PUBLIC "-//mybatis.org//DTD Mapper 3.0//EN" "http://mybatis.org/dtd/mybatis-3-mapper.dtd">
<mapper namespace="com.juwen.ibc.dao.ISystemVideoCurriculumDAO">
  <resultMap id="BaseResultMap" type="com.juwen.ibc.pojo.SystemVideoCurriculum">
    <id column="id" jdbcType="INTEGER" property="id" />
    <result column="system_video_id" jdbcType="INTEGER" property="systemVideoId" />
    <result column="curriculum_id" jdbcType="INTEGER" property="curriculumId" />
  </resultMap>
  <sql id="Base_Column_List">
    id, system_video_id, curriculum_id
  </sql>
  <select id="selectByPrimaryKey" parameterType="java.lang.Integer" resultMap="BaseResultMap">
    select 
    <include refid="Base_Column_List" />
    from system_video_curriculum
    where id = #{id,jdbcType=INTEGER}
  </select>
  <delete id="deleteByPrimaryKey" parameterType="java.lang.Integer">
    delete from system_video_curriculum
    where id = #{id,jdbcType=INTEGER}
  </delete>
  <insert id="insert" parameterType="com.juwen.ibc.pojo.SystemVideoCurriculum">
    insert into system_video_curriculum (id, system_video_id, curriculum_id
      )
    values (#{id,jdbcType=INTEGER}, #{systemVideoId,jdbcType=INTEGER}, #{curriculumId,jdbcType=INTEGER}
      )
  </insert>
  <insert id="insertSelective" parameterType="com.juwen.ibc.pojo.SystemVideoCurriculum">
    insert into system_video_curriculum
    <trim prefix="(" suffix=")" suffixOverrides=",">
      <if test="id != null">
        id,
      </if>
      <if test="systemVideoId != null">
        system_video_id,
      </if>
      <if test="curriculumId != null">
        curriculum_id,
      </if>
    </trim>
    <trim prefix="values (" suffix=")" suffixOverrides=",">
      <if test="id != null">
        #{id,jdbcType=INTEGER},
      </if>
      <if test="systemVideoId != null">
        #{systemVideoId,jdbcType=INTEGER},
      </if>
      <if test="curriculumId != null">
        #{curriculumId,jdbcType=INTEGER},
      </if>
    </trim>
  </insert>
  <update id="updateByPrimaryKeySelective" parameterType="com.juwen.ibc.pojo.SystemVideoCurriculum">
    update system_video_curriculum
    <set>
      <if test="systemVideoId != null">
        system_video_id = #{systemVideoId,jdbcType=INTEGER},
      </if>
      <if test="curriculumId != null">
        curriculum_id = #{curriculumId,jdbcType=INTEGER},
      </if>
    </set>
    where id = #{id,jdbcType=INTEGER}
  </update>
  <update id="updateByPrimaryKey" parameterType="com.juwen.ibc.pojo.SystemVideoCurriculum">
    update system_video_curriculum
    set system_video_id = #{systemVideoId,jdbcType=INTEGER},
      curriculum_id = #{curriculumId,jdbcType=INTEGER}
    where id = #{id,jdbcType=INTEGER}
  </update>
</mapper>